GLB_ID,OSM_ID,OSM_TYPE,NAME,BUILDING_TYPE,MATERIAL
Cube,368044035,node,Liederkranz Club,yes,concrete
Building_1000536329,368043670,node,Paula Cooper Gallery,yes,brick
Building_1000536331,368043670,node,Paula Cooper Gallery,yes,brick
Building_100307858,158860981,node,Plaza de los Angeles,apartments,brick/concrete
Building_100307861,158860981,node,Plaza de los Angeles,apartments,brick/concrete
Building_100322355,5133630723,node,Sheffield Mansion (The Nanny),yes,concrete
Building_100322359,368044044,node,Catholic Center for the Blind,yes,concrete
Building_100322360,5133630723,node,Sheffield Mansion (The Nanny),yes,concrete
Building_100322361,5133630723,node,Sheffield Mansion (The Nanny),yes,concrete
Building_100322362,368044001,node,Spanish Institute,yes,concrete
Building_100322363,368044001,node,Spanish Institute,yes,concrete
Building_100322364,368044001,node,Spanish Institute,yes,concrete
Building_100322365,368044044,node,Catholic Center for the Blind,yes,concrete
Building_100322366,368044044,node,Catholic Center for the Blind,yes,concrete
Building_100322368,368044001,node,Spanish Institute,yes,concrete
Building_100322369,368044044,node,Catholic Center for the Blind,yes,concrete
Building_100322370,368044044,node,Catholic Center for the Blind,yes,concrete
Building_100322371,368044044,node,Catholic Center for the Blind,yes,concrete
Building_100322372,368044001,node,Spanish Institute,yes,concrete
Building_100322373,5133630723,node,Sheffield Mansion (The Nanny),yes,concrete
Building_100322378,368044044,node,Catholic Center for the Blind,yes,concrete
Building_100322379,5133630723,node,Sheffield Mansion (The Nanny),yes,concrete
Building_100322383,5133630723,node,Sheffield Mansion (The Nanny),yes,concrete
Building_100322384,5133630723,node,Sheffield Mansion (The Nanny),yes,concrete
Building_100322385,5133630723,node,Sheffield Mansion (The Nanny),yes,concrete
Building_100322389,368044044,node,Catholic Center for the Blind,yes,concrete
Building_100322391,368044001,node,Spanish Institute,yes,concrete
Building_100322394,368044001,node,Spanish Institute,yes,concrete
Building_100322395,368044044,node,Catholic Center for the Blind,yes,concrete
Building_100322397,368044044,node,Catholic Center for the Blind,yes,concrete
Building_100328247,368044044,node,Catholic Center for the Blind,yes,concrete
Building_100328256,368044044,node,Catholic Center for the Blind,yes,concrete
Building_100328263,368044016,node,Permanent Mission of Poland to the U.N.,yes,concrete
Building_100328272,368044004,node,Republic of Indonesia Delegation To the United Nations,yes,concrete
Building_100328275,368044044,node,Catholic Center for the Blind,yes,concrete
Building_100328277,368044044,node,Catholic Center for the Blind,yes,concrete
Building_100355792,5133630723,node,Sheffield Mansion (The Nanny),yes,concrete
Building_100355793,5133630723,node,Sheffield Mansion (The Nanny),yes,concrete
Building_100355794,5133630723,node,Sheffield Mansion (The Nanny),yes,concrete
Building_100355795,5133630723,node,Sheffield Mansion (The Nanny),yes,concrete
Building_100355796,5133630723,node,Sheffield Mansion (The Nanny),yes,concrete
Building_100355797,12232476848,node,unnamed,yes,concrete
Building_100355798,12232476848,node,unnamed,yes,concrete
Building_100355799,12232476848,node,unnamed,yes,concrete
Building_100355800,12232476848,node,unnamed,yes,concrete
Building_100355801,12232476848,node,unnamed,yes,concrete
Building_100355802,12232476848,node,unnamed,yes,concrete
Building_100355803,12232476848,node,unnamed,yes,concrete
Building_100355804,12232476848,node,unnamed,yes,concrete
Building_100355805,12232476848,node,unnamed,yes,concrete
Building_100355806,12232476848,node,unnamed,yes,concrete
Building_100355807,12232476848,node,unnamed,yes,concrete
Building_100355808,7630577057,node,unnamed,parking,concrete
Building_100355809,7630577057,node,unnamed,parking,concrete
Building_100355810,7630577057,node,unnamed,parking,concrete
Building_100355811,7630577057,node,unnamed,parking,concrete
Building_100355812,7630577057,node,unnamed,parking,concrete
Building_100355813,7630577057,node,unnamed,parking,concrete
Building_100355814,7630577057,node,unnamed,parking,concrete
Building_100355815,7630577057,node,unnamed,parking,concrete
Building_100355816,7630577057,node,unnamed,parking,concrete
Building_100355817,7630577057,node,unnamed,parking,concrete
Building_100355818,7630577057,node,unnamed,parking,concrete
Building_100355820,7630577057,node,unnamed,parking,concrete
Building_100355821,368055570,node,Steinway Hall,yes,concrete
Building_100355822,368055570,node,Steinway Hall,yes,concrete
Building_100355823,12232476848,node,unnamed,yes,concrete
Building_100357131,12232476848,node,unnamed,yes,concrete
Building_100357135,12232476848,node,unnamed,yes,concrete
Building_100408075,11956502494,node,unnamed,yes,concrete
Building_100408076,11956502494,node,unnamed,yes,concrete
Building_100410144,368044339,node,Thayer Street Telephone Exchange,yes,concrete
Building_100414432,5133630723,node,Sheffield Mansion (The Nanny),yes,concrete
Building_100414433,5133630723,node,Sheffield Mansion (The Nanny),yes,concrete
Building_100414435,368044035,node,Liederkranz Club,yes,concrete
Building_100414439,368044035,node,Liederkranz Club,yes,concrete
Building_100414441,368044035,node,Liederkranz Club,yes,concrete
Building_100414442,368044035,node,Liederkranz Club,yes,concrete
Building_100414443,368044035,node,Liederkranz Club,yes,concrete
Building_100414444,368044035,node,Liederkranz Club,yes,concrete
Building_100414446,368044035,node,Liederkranz Club,yes,concrete
Building_100414447,368044035,node,Liederkranz Club,yes,concrete
Building_100414448,368044035,node,Liederkranz Club,yes,concrete
Building_100414450,368044035,node,Liederkranz Club,yes,concrete
Building_100414451,368044035,node,Liederkranz Club,yes,concrete
Building_100414454,368044035,node,Liederkranz Club,yes,concrete
Building_100417584,368044035,node,Liederkranz Club,yes,concrete
Building_100417590,368044035,node,Liederkranz Club,yes,concrete
Building_100417603,368044035,node,Liederkranz Club,yes,concrete
Building_100417605,368044035,node,Liederkranz Club,yes,concrete
Building_100417609,368044035,node,Liederkranz Club,yes,concrete
Building_100417611,368044035,node,Liederkranz Club,yes,concrete
Building_100417615,368044035,node,Liederkranz Club,yes,concrete
Building_100417619,368044035,node,Liederkranz Club,yes,concrete
Building_100417621,368044035,node,Liederkranz Club,yes,concrete
Building_100417624,368044035,node,Liederkranz Club,yes,concrete
Building_100417628,368044035,node,Liederkranz Club,yes,concrete
Building_100417631,368044035,node,Liederkranz Club,yes,concrete
Building_100417636,368044035,node,Liederkranz Club,yes,concrete
Building_100417642,368044035,node,Liederkranz Club,yes,concrete
Building_100417644,368044035,node,Liederkranz Club,yes,concrete
Building_100417647,368044035,node,Liederkranz Club,yes,concrete
Building_100419294,3145838438,node,Corpus Christi School,school,concrete
Building_100421528,368044035,node,Liederkranz Club,yes,concrete
Building_100421529,368044035,node,Liederkranz Club,yes,concrete
Building_100421530,368043255,node,Deutsches Haus,yes,concrete
Building_100421531,368043255,node,Deutsches Haus,yes,concrete
Building_100421532,12414899829,node,Lido,yes,concrete
Building_100421533,368044035,node,Liederkranz Club,yes,concrete
Building_100421534,12414899829,node,Lido,yes,concrete
Building_100421535,368044035,node,Liederkranz Club,yes,concrete
Building_100421536,12414899829,node,Lido,yes,concrete
Building_100421537,12414899829,node,Lido,yes,concrete
Building_100421538,368044035,node,Liederkranz Club,yes,concrete
Building_100421539,12414899829,node,Lido,yes,concrete
Building_100421540,368044035,node,Liederkranz Club,yes,concrete
Building_100421541,368044035,node,Liederkranz Club,yes,concrete
Building_100421542,12414899829,node,Lido,yes,concrete
Building_100421543,368044035,node,Liederkranz Club,yes,concrete
Building_100421544,12414899829,node,Lido,yes,concrete
Building_100421545,368044035,node,Liederkranz Club,yes,concrete
Building_100421546,12414899829,node,Lido,yes,concrete
Building_100421547,12414899829,node,Lido,yes,concrete
Building_100421548,12414899829,node,Lido,yes,concrete
Building_100421549,12414899829,node,Lido,yes,concrete
Building_100421550,12414899829,node,Lido,yes,concrete
Building_100421551,368044035,node,Liederkranz Club,yes,concrete
Building_100421552,368044035,node,Liederkranz Club,yes,concrete
Building_100421553,368043255,node,Deutsches Haus,yes,concrete
Building_100421554,12414899829,node,Lido,yes,concrete
Building_100421555,12414899829,node,Lido,yes,concrete
Building_100841088,368043238,node,Inwood Hill Park Ecology Center,yes,concrete
Building_100841091,368043238,node,Inwood Hill Park Ecology Center,yes,concrete
Building_1019985983,12414899829,node,Lido,yes,concrete
Building_1019985991,6816303732,node,Belmont Garage,garage,concrete
Building_1019985998,6816303732,node,Belmont Garage,garage,concrete
Building_1026490246,13746714387,node,City Tabernacle of Seventh-day Adventists,church,concrete
Building_1026490247,13746621748,node,International Ministry,church,concrete
Building_103374553,10117419129,node,unnamed,yes,concrete
Building_103374556,10117419129,node,unnamed,yes,concrete
Building_103374557,10117419129,node,unnamed,yes,concrete
Building_103374899,368043670,node,Paula Cooper Gallery,yes,brick
Building_103374902,368043670,node,Paula Cooper Gallery,yes,brick
Building_1035235590,368053287,node,Bryant Park Building,yes,concrete
Building_1036521057,9153637261,node,unnamed,construction,concrete
Building_103654295,5133630723,node,Sheffield Mansion (The Nanny),yes,concrete
Building_103654296,5133630723,node,Sheffield Mansion (The Nanny),yes,concrete
Building_1037936456,368055556,node,Manhattan Plaza,yes,concrete
Building_1037936457,368055556,node,Manhattan Plaza,yes,concrete
Building_1037936458,368055556,node,Manhattan Plaza,yes,concrete
Building_1037936459,368055556,node,Manhattan Plaza,yes,concrete
Building_1037936460,368043670,node,Paula Cooper Gallery,yes,brick
Building_1037936461,368045660,node,Shirley Goodman Resource Center,yes,concrete
Building_1037936462,368045660,node,Shirley Goodman Resource Center,yes,concrete
Building_1037936463,368045660,node,Shirley Goodman Resource Center,yes,concrete
Building_1037950893,368055556,node,Manhattan Plaza,yes,concrete
Building_1037950894,368055556,node,Manhattan Plaza,yes,concrete
Building_1037950895,368055556,node,Manhattan Plaza,yes,concrete
Building_1037950896,368055556,node,Manhattan Plaza,yes,concrete
Building_1037950897,368055556,node,Manhattan Plaza,yes,concrete
Building_1037950898,368045660,node,Shirley Goodman Resource Center,yes,concrete
Building_1037950899,368055721,node,New York Service Center Manhattan Plaza,yes,concrete
Building_1037950900,368055721,node,New York Service Center Manhattan Plaza,yes,concrete
Building_1037979572,10732644795,node,The New York Times,yes,concrete
Building_1037979573,3574404393,node,Alamo,yes,concrete
Building_1037979574,368055556,node,Manhattan Plaza,yes,concrete
Building_1037979575,368055556,node,Manhattan Plaza,yes,concrete
Building_1037979576,368055556,node,Manhattan Plaza,yes,concrete
Building_1037990951,368044016,node,Permanent Mission of Poland to the U.N.,yes,concrete
Building_1037990952,368055570,node,Steinway Hall,yes,concrete
Building_1037990953,368055570,node,Steinway Hall,yes,concrete
Building_1037990954,368044016,node,Permanent Mission of Poland to the U.N.,yes,concrete
Building_1037990955,368044016,node,Permanent Mission of Poland to the U.N.,yes,concrete
Building_1037990956,368044016,node,Permanent Mission of Poland to the U.N.,yes,concrete
Building_1037990957,7241143782,node,Chipotle,yes,concrete
Building_1038002873,7241143782,node,Chipotle,yes,concrete
Building_1038002874,7241143782,node,Chipotle,yes,concrete
Building_1038004143,368043670,node,Paula Cooper Gallery,yes,brick
Building_1038004144,368043670,node,Paula Cooper Gallery,yes,brick
Building_1038025914,368044016,node,Permanent Mission of Poland to the U.N.,yes,concrete
Building_1038025915,368044016,node,Permanent Mission of Poland to the U.N.,yes,concrete
Building_1038196275,368043380,node,Hamilton Fish Park Play Center,yes,concrete
Building_1039073567,3843628369,node,UN Halal,no,concrete
Building_1039074773,3843628369,node,UN Halal,no,concrete
Building_1039074774,3843628369,node,UN Halal,no,concrete
Building_1039074775,3843628369,node,UN Halal,no,concrete
Building_104112880,12232476848,node,unnamed,yes,concrete
Building_104337983,368043670,node,Paula Cooper Gallery,yes,brick
Building_104341308,368043670,node,Paula Cooper Gallery,yes,brick
Building_104421677,11956502494,node,unnamed,yes,concrete
Building_104584576,368055536,node,Salvation Army Building,yes,concrete
Building_104589293,3574404393,node,Alamo,yes,concrete
Building_104589294,368055556,node,Manhattan Plaza,yes,concrete
Building_104591113,368055556,node,Manhattan Plaza,yes,concrete
Building_1046969660,10117419129,node,unnamed,yes,concrete
Building_1046969661,10117419129,node,unnamed,yes,concrete
Building_1046969662,10117419129,node,unnamed,yes,concrete
Building_1047150807,368051214,node,Fiftyfourth Street Public Bath and Gymnasium,public,concrete
Building_1047150808,368051214,node,Fiftyfourth Street Public Bath and Gymnasium,public,concrete
Building_1047150809,368051214,node,Fiftyfourth Street Public Bath and Gymnasium,public,concrete
Building_1047150810,368051214,node,Fiftyfourth Street Public Bath and Gymnasium,public,concrete
Building_1047150811,368051214,node,Fiftyfourth Street Public Bath and Gymnasium,public,concrete
Building_1047162156,368051214,node,Fiftyfourth Street Public Bath and Gymnasium,public,concrete
Building_1047168474,3843628369,node,UN Halal,no,concrete
Building_1054161936,368055873,node,East Midtown Plaza,yes,concrete
Building_1054161937,368055863,node,Phipps Plaza,yes,concrete
Building_1054161938,368055883,node,Gramercy House,yes,concrete
Building_1054161939,368055873,node,East Midtown Plaza,yes,concrete
Building_1059594631,8651474151,node,1 Central Park,apartments,brick/concrete
Building_1059594632,8651474151,node,1 Central Park,apartments,brick/concrete
Building_106102734,368043670,node,Paula Cooper Gallery,yes,brick
Building_106102736,368043670,node,Paula Cooper Gallery,yes,brick
Building_1062481396,368044339,node,Thayer Street Telephone Exchange,yes,concrete
Building_1062481397,368044339,node,Thayer Street Telephone Exchange,yes,concrete
Building_1068307411,368043520,node,Bard Haven Towers,yes,concrete
Building_107022566,2705817244,node,Faculty House,residential,brick/concrete
Building_107708967,11956502494,node,unnamed,yes,concrete
Building_107708973,11956502494,node,unnamed,yes,concrete
Building_108047436,6231307186,node,Monroe Market,commercial,glass curtain wall
Building_108047594,6231307186,node,Monroe Market,commercial,glass curtain wall
Building_1080560696,9153637271,node,unnamed,construction,concrete
Building_108166186,3145726314,node,The Post Factory,commercial,glass curtain wall
Building_1087907233,6816303732,node,Belmont Garage,garage,concrete
Building_1095394769,9153637271,node,unnamed,construction,concrete
Building_1095394771,9153637271,node,unnamed,construction,concrete
Building_1095394772,9153637261,node,unnamed,construction,concrete
Building_1095394773,9153637271,node,unnamed,construction,concrete
Building_1095395396,9153637261,node,unnamed,construction,concrete
Building_1095395397,9153637261,node,unnamed,construction,concrete
Building_109694359,368055713,node,Christodora House,yes,concrete
Building_1099846442,2705817244,node,Faculty House,residential,brick/concrete
Building_1099846444,2705817244,node,Faculty House,residential,brick/concrete
Building_1099847936,2705817544,node,Scholar's Residence,residential,brick/concrete
Building_1099847937,2705817544,node,Scholar's Residence,residential,brick/concrete
Building_1099847938,2705817544,node,Scholar's Residence,residential,brick/concrete
Building_1099847939,2705817544,node,Scholar's Residence,residential,brick/concrete
Building_1099847940,2705817544,node,Scholar's Residence,residential,brick/concrete
Building_110256311,3145838438,node,Corpus Christi School,school,concrete
Building_110256314,3145838438,node,Corpus Christi School,school,concrete
Building_110256317,3145838438,node,Corpus Christi School,school,concrete
Building_111772436,368055721,node,New York Service Center Manhattan Plaza,yes,concrete
Building_111772437,368055721,node,New York Service Center Manhattan Plaza,yes,concrete
Building_111772438,368055721,node,New York Service Center Manhattan Plaza,yes,concrete
Building_111772863,368055721,node,New York Service Center Manhattan Plaza,yes,concrete
Building_111772864,368055721,node,New York Service Center Manhattan Plaza,yes,concrete
Building_112080980,368044035,node,Liederkranz Club,yes,concrete
Building_112080986,368044035,node,Liederkranz Club,yes,concrete
Building_112080988,368044035,node,Liederkranz Club,yes,concrete
Building_112374492,158860981,node,Plaza de los Angeles,apartments,brick/concrete
Building_112374493,10117419129,node,unnamed,yes,concrete
Building_112374506,10117419129,node,unnamed,yes,concrete
Building_112374510,158860981,node,Plaza de los Angeles,apartments,brick/concrete
Building_1124327032,10164025257,node,unnamed,yes,concrete
Building_1125752209,368043179,node,Castilian Towers,yes,concrete
Building_112682547,10287737738,node,unnamed,yes,concrete
Building_112682552,10287737738,node,unnamed,yes,concrete
Building_112682554,10287737738,node,unnamed,yes,concrete
Building_112682557,10287737738,node,unnamed,yes,concrete
Building_112682559,10287737738,node,unnamed,yes,concrete
Building_112682562,10287737738,node,unnamed,yes,concrete
Building_112682564,10287737738,node,unnamed,yes,concrete
Building_112682566,10287737738,node,unnamed,yes,concrete
Building_112682573,10287737738,node,unnamed,yes,concrete
Building_112685869,10287737738,node,unnamed,yes,concrete
Building_112685872,10287737738,node,unnamed,yes,concrete
Building_112685873,10287737738,node,unnamed,yes,concrete
Building_112686744,10287737738,node,unnamed,yes,concrete
Building_112686745,10287737738,node,unnamed,yes,concrete
Building_113148060,4204715198,node,unnamed,mosque,concrete
Building_113148066,4204715198,node,unnamed,mosque,concrete
Building_113148068,4204715198,node,unnamed,mosque,concrete
Building_113148071,4204715198,node,unnamed,mosque,concrete
Building_113148072,4204715198,node,unnamed,mosque,concrete
Building_1154393821,368043412,node,Saint Paul's Center,yes,concrete
Building_1165393321,368055679,node,The Red House,yes,concrete
Building_1165393322,368055679,node,The Red House,yes,concrete
Building_1177110439,368044339,node,Thayer Street Telephone Exchange,yes,concrete
Building_117934924,8699111837,node,unnamed,yes,concrete
Building_1184548043,368055713,node,Christodora House,yes,concrete
Building_1184548044,368055713,node,Christodora House,yes,concrete
Building_1184548045,368055713,node,Christodora House,yes,concrete
Building_1188726879,368043579,node,River's Edge,yes,concrete
Building_1189978363,1706041675,node,Hippodrome,garage,concrete
Building_1189978364,1706041675,node,Hippodrome,garage,concrete
Building_1189978365,368043746,node,Bryant Park Studios,yes,concrete
Building_1189978366,368053287,node,Bryant Park Building,yes,concrete
Building_1189978367,1706041675,node,Hippodrome,garage,concrete
Building_1189978368,368043746,node,Bryant Park Studios,yes,concrete
Building_1189978373,368051263,node,Unification Church Headquarters,public,concrete
Building_1189978374,368051263,node,Unification Church Headquarters,public,concrete
Building_1190200322,12770983688,node,unnamed,yes,concrete
Building_119225551,10287737738,node,unnamed,yes,concrete
Building_1192465479,368053267,node,Crossroads Building,yes,concrete
Building_1192465482,368055713,node,Christodora House,yes,concrete
Building_1192465483,368043530,node,Neighborhood Preservation Center,yes,concrete
Building_1192487998,368043746,node,Bryant Park Studios,yes,concrete
Building_119569820,368062059,node,Greenpoint Home for the Aged,yes,concrete
Building_119578565,368062059,node,Greenpoint Home for the Aged,yes,concrete
Building_119659624,10287737738,node,unnamed,yes,concrete
Building_119695175,10287737738,node,unnamed,yes,concrete
Building_119695177,10287737738,node,unnamed,yes,concrete
Building_119695178,10287737738,node,unnamed,yes,concrete
Building_119695183,10287737738,node,unnamed,yes,concrete
Building_119880704,10287737738,node,unnamed,yes,concrete
Building_119880705,10287737738,node,unnamed,yes,concrete
Building_119881004,9153637271,node,unnamed,construction,concrete
Building_120124325,12770983688,node,unnamed,yes,concrete
Building_120124328,10287737738,node,unnamed,yes,concrete
Building_1201741949,368055713,node,Christodora House,yes,concrete
Building_1202822405,11956502494,node,unnamed,yes,concrete
Building_1203813629,10287737738,node,unnamed,yes,concrete
Building_1204142217,12414899829,node,Lido,yes,concrete
Building_1204142218,2767369945,node,The Cliffs at Harlem,yes,concrete
Building_1204489169,12770983688,node,unnamed,yes,concrete
Building_1204681318,9153637261,node,unnamed,construction,concrete
Building_1206340006,9153637271,node,unnamed,construction,concrete
Building_1206340007,9153637271,node,unnamed,construction,concrete
Building_1210815306,10164025257,node,unnamed,yes,concrete
Building_1210815312,10164025257,node,unnamed,yes,concrete
Building_1210815313,10164025257,node,unnamed,yes,concrete
Building_1210815314,10164025257,node,unnamed,yes,concrete
Building_1210815315,10164025257,node,unnamed,yes,concrete
Building_1210815316,10164025257,node,unnamed,yes,concrete
Building_1210815317,11956502494,node,unnamed,yes,concrete
Building_1210815318,10164025257,node,unnamed,yes,concrete
Building_1210815322,11956502494,node,unnamed,yes,concrete
Building_1210815324,10164025257,node,unnamed,yes,concrete
Building_1210815325,11956502494,node,unnamed,yes,concrete
Building_1210815327,11956502494,node,unnamed,yes,concrete
Building_1210815329,11956502494,node,unnamed,yes,concrete
Building_1210815330,11956502494,node,unnamed,yes,concrete
Building_1210815331,11956502494,node,unnamed,yes,concrete
Building_1210815332,11956502494,node,unnamed,yes,concrete
Building_1210815333,11956502494,node,unnamed,yes,concrete
Building_1210815334,11956502494,node,unnamed,yes,concrete
Building_1210815335,11956502494,node,unnamed,yes,concrete
Building_1210815336,11956502494,node,unnamed,yes,concrete
Building_1210815337,11956502494,node,unnamed,yes,concrete
Building_1210815338,11956502494,node,unnamed,yes,concrete
Building_1210815339,11956502494,node,unnamed,yes,concrete
Building_1210815343,11956502494,node,unnamed,yes,concrete
Building_1210970128,368043520,node,Bard Haven Towers,yes,concrete
Building_1210970130,368043520,node,Bard Haven Towers,yes,concrete
Building_1211030517,5133630723,node,Sheffield Mansion (The Nanny),yes,concrete
Building_1211137492,2013022253,node,"Niclab Consulting Group, LLC",yes,concrete
Building_1211137493,2013022253,node,"Niclab Consulting Group, LLC",yes,concrete
Building_1211137494,2013022253,node,"Niclab Consulting Group, LLC",yes,concrete
Building_1211137495,2013022253,node,"Niclab Consulting Group, LLC",yes,concrete
Building_1211137497,2013022253,node,"Niclab Consulting Group, LLC",yes,concrete
Building_1211137498,2013022253,node,"Niclab Consulting Group, LLC",yes,concrete
Building_1211137499,2013022253,node,"Niclab Consulting Group, LLC",yes,concrete
Building_1211137500,2013022253,node,"Niclab Consulting Group, LLC",yes,concrete
Building_1211137501,2013022253,node,"Niclab Consulting Group, LLC",yes,concrete
Building_1211137502,2013022253,node,"Niclab Consulting Group, LLC",yes,concrete
Building_1211137503,2013022253,node,"Niclab Consulting Group, LLC",yes,concrete
Building_1211137504,2013022253,node,"Niclab Consulting Group, LLC",yes,concrete
Building_1211137505,2013022253,node,"Niclab Consulting Group, LLC",yes,concrete
Building_1211137506,2013022253,node,"Niclab Consulting Group, LLC",yes,concrete
Building_1211137507,2013022253,node,"Niclab Consulting Group, LLC",yes,concrete
Building_1211137508,2013022253,node,"Niclab Consulting Group, LLC",yes,concrete
Building_1211137509,2013022253,node,"Niclab Consulting Group, LLC",yes,concrete
Building_1211137510,2013022253,node,"Niclab Consulting Group, LLC",yes,concrete
Building_1211137511,2013022253,node,"Niclab Consulting Group, LLC",yes,concrete
Building_1211137512,2013022253,node,"Niclab Consulting Group, LLC",yes,concrete
Building_1211137513,2013022253,node,"Niclab Consulting Group, LLC",yes,concrete
Building_1211137514,2013022253,node,"Niclab Consulting Group, LLC",yes,concrete
Building_1211137515,2013022253,node,"Niclab Consulting Group, LLC",yes,concrete
Building_1211137516,2013022253,node,"Niclab Consulting Group, LLC",yes,concrete
Building_1211137517,2013022253,node,"Niclab Consulting Group, LLC",yes,concrete
Building_1211137518,2013022253,node,"Niclab Consulting Group, LLC",yes,concrete
Building_1211137519,2013022253,node,"Niclab Consulting Group, LLC",yes,concrete
Building_1211137520,2013022253,node,"Niclab Consulting Group, LLC",yes,concrete
Building_1211137521,2013022253,node,"Niclab Consulting Group, LLC",yes,concrete
Building_1211137522,2013022253,node,"Niclab Consulting Group, LLC",yes,concrete
Building_1211137523,2013022253,node,"Niclab Consulting Group, LLC",yes,concrete
Building_1211137524,2013022253,node,"Niclab Consulting Group, LLC",yes,concrete
Building_1211137525,2013022253,node,"Niclab Consulting Group, LLC",yes,concrete
Building_1211137526,2013022253,node,"Niclab Consulting Group, LLC",yes,concrete
Building_1211137527,2013022253,node,"Niclab Consulting Group, LLC",yes,concrete
Building_1211137529,2013022253,node,"Niclab Consulting Group, LLC",yes,concrete
Building_1211137530,2013022253,node,"Niclab Consulting Group, LLC",yes,concrete
Building_1211137531,2013022253,node,"Niclab Consulting Group, LLC",yes,concrete
Building_1211137532,2013022253,node,"Niclab Consulting Group, LLC",yes,concrete
Building_1211137533,2013022253,node,"Niclab Consulting Group, LLC",yes,concrete
Building_1211137534,2013022253,node,"Niclab Consulting Group, LLC",yes,concrete
Building_1211137535,2013022253,node,"Niclab Consulting Group, LLC",yes,concrete
Building_1211137536,2013022253,node,"Niclab Consulting Group, LLC",yes,concrete
Building_1211137538,2013022253,node,"Niclab Consulting Group, LLC",yes,concrete
Building_1211137539,2013022253,node,"Niclab Consulting Group, LLC",yes,concrete
Building_1211137540,2013022253,node,"Niclab Consulting Group, LLC",yes,concrete
Building_1211137541,2013022253,node,"Niclab Consulting Group, LLC",yes,concrete
Building_1211137542,368044339,node,Thayer Street Telephone Exchange,yes,concrete
Building_1211137543,368044339,node,Thayer Street Telephone Exchange,yes,concrete
Building_1211137544,368044339,node,Thayer Street Telephone Exchange,yes,concrete
Building_1211137545,368044339,node,Thayer Street Telephone Exchange,yes,concrete
Building_1211137546,368044339,node,Thayer Street Telephone Exchange,yes,concrete
Building_1211137547,368044339,node,Thayer Street Telephone Exchange,yes,concrete
Building_1211137548,368044339,node,Thayer Street Telephone Exchange,yes,concrete
Building_1211137549,2013022253,node,"Niclab Consulting Group, LLC",yes,concrete
Building_1211137550,2013022253,node,"Niclab Consulting Group, LLC",yes,concrete
Building_1211137551,2013022253,node,"Niclab Consulting Group, LLC",yes,concrete
Building_1211137552,2013022253,node,"Niclab Consulting Group, LLC",yes,concrete
Building_1211137553,368044339,node,Thayer Street Telephone Exchange,yes,concrete
Building_1211137554,368044339,node,Thayer Street Telephone Exchange,yes,concrete
Building_1211137555,368044339,node,Thayer Street Telephone Exchange,yes,concrete
Building_1211137556,368044339,node,Thayer Street Telephone Exchange,yes,concrete
Building_1211137557,2013022253,node,"Niclab Consulting Group, LLC",yes,concrete
Building_1211137558,368044339,node,Thayer Street Telephone Exchange,yes,concrete
Building_1211137559,368044339,node,Thayer Street Telephone Exchange,yes,concrete
Building_1211137560,368044339,node,Thayer Street Telephone Exchange,yes,concrete
Building_1211137561,368044339,node,Thayer Street Telephone Exchange,yes,concrete
Building_1211137562,368044339,node,Thayer Street Telephone Exchange,yes,concrete
Building_1211137563,368044339,node,Thayer Street Telephone Exchange,yes,concrete
Building_1211137564,368044339,node,Thayer Street Telephone Exchange,yes,concrete
Building_1211137565,368044339,node,Thayer Street Telephone Exchange,yes,concrete
Building_1211137573,2013022253,node,"Niclab Consulting Group, LLC",yes,concrete
Building_1211137574,2013022253,node,"Niclab Consulting Group, LLC",yes,concrete
Building_1211137585,368043520,node,Bard Haven Towers,yes,concrete
Building_1211137586,368043520,node,Bard Haven Towers,yes,concrete
Building_1211137587,368043520,node,Bard Haven Towers,yes,concrete
Building_1211231083,368043179,node,Castilian Towers,yes,concrete
Building_1211231084,368043179,node,Castilian Towers,yes,concrete
Building_1211304442,368043320,node,Washington Court,yes,concrete
Building_1211304443,368043320,node,Washington Court,yes,concrete
Building_1211712166,10287737738,node,unnamed,yes,concrete
Building_1211948487,9153637271,node,unnamed,construction,concrete
Building_1211948488,9153637271,node,unnamed,construction,concrete
Building_1211948489,9153637271,node,unnamed,construction,concrete
Building_1211948490,9153637271,node,unnamed,construction,concrete
Building_1211948491,9153637271,node,unnamed,construction,concrete
Building_1211951041,368051214,node,Fiftyfourth Street Public Bath and Gymnasium,public,concrete
Building_1211951042,9153637271,node,unnamed,construction,concrete
Building_1211951043,368051214,node,Fiftyfourth Street Public Bath and Gymnasium,public,concrete
Building_1211951044,9153637271,node,unnamed,construction,concrete
Building_1211951045,368051214,node,Fiftyfourth Street Public Bath and Gymnasium,public,concrete
Building_1211951046,2705817244,node,Faculty House,residential,brick/concrete
Building_1211951047,9153637271,node,unnamed,construction,concrete
Building_1211951048,368051214,node,Fiftyfourth Street Public Bath and Gymnasium,public,concrete
Building_1211951049,368051214,node,Fiftyfourth Street Public Bath and Gymnasium,public,concrete
Building_1211951050,9153637271,node,unnamed,construction,concrete
Building_1211951051,2705817244,node,Faculty House,residential,brick/concrete
Building_1211951052,368051214,node,Fiftyfourth Street Public Bath and Gymnasium,public,concrete
Building_1211951053,9153637271,node,unnamed,construction,concrete
Building_1211951054,2705817544,node,Scholar's Residence,residential,brick/concrete
Building_1211951055,9153637271,node,unnamed,construction,concrete
Building_1211951056,9153637271,node,unnamed,construction,concrete
Building_1211951057,9153637271,node,unnamed,construction,concrete
Building_1212210958,3843628369,node,UN Halal,no,concrete
Building_1212210959,3843628369,node,UN Halal,no,concrete
Building_1212210960,3843628369,node,UN Halal,no,concrete
Building_1212210961,3843628369,node,UN Halal,no,concrete
Building_1212210962,3843628369,node,UN Halal,no,concrete
Building_1212210963,3843628369,node,UN Halal,no,concrete
Building_1212210964,3843628369,node,UN Halal,no,concrete
Building_121541418,10287737738,node,unnamed,yes,concrete
Building_121541421,10287737738,node,unnamed,yes,concrete
Building_121541626,10287737738,node,unnamed,yes,concrete
Building_122106970,368044339,node,Thayer Street Telephone Exchange,yes,concrete
Building_122106993,368044339,node,Thayer Street Telephone Exchange,yes,concrete
Building_1222243454,9153637261,node,unnamed,construction,concrete
Building_1222243455,9153637261,node,unnamed,construction,concrete
Building_1222243456,9153637261,node,unnamed,construction,concrete
Building_1222243457,9153637261,node,unnamed,construction,concrete
Building_1226229355,11502442178,node,The Robert W. Wilson MCC Theater Space,yes,concrete
Building_1229099906,368044035,node,Liederkranz Club,yes,concrete
Building_1229099907,368044035,node,Liederkranz Club,yes,concrete
Building_1229099908,6816303732,node,Belmont Garage,garage,concrete
Building_1229099909,6816303732,node,Belmont Garage,garage,concrete
Building_12390499,12770983688,node,unnamed,yes,concrete
Building_125079761,10287737738,node,unnamed,yes,concrete
Building_125080874,10287737738,node,unnamed,yes,concrete
Building_1258968756,368055713,node,Christodora House,yes,concrete
Building_1258968804,368055713,node,Christodora House,yes,concrete
Building_1258968844,368055713,node,Christodora House,yes,concrete
Building_1258973305,368055863,node,Phipps Plaza,yes,concrete
Building_1258973580,368055863,node,Phipps Plaza,yes,concrete
Building_1259489911,368053777,node,Langdon Building,yes,concrete
Building_126213443,368054201,node,Harvey Building,yes,concrete
Building_1267055934,13746714387,node,City Tabernacle of Seventh-day Adventists,church,concrete
Building_1267055935,13746714387,node,City Tabernacle of Seventh-day Adventists,church,concrete
Building_1267055936,13746714387,node,City Tabernacle of Seventh-day Adventists,church,concrete
Building_1267055937,13746714387,node,City Tabernacle of Seventh-day Adventists,church,concrete
Building_1267055938,13746714387,node,City Tabernacle of Seventh-day Adventists,church,concrete
Building_1267055939,13746714387,node,City Tabernacle of Seventh-day Adventists,church,concrete
Building_1267055940,13746714387,node,City Tabernacle of Seventh-day Adventists,church,concrete
Building_1267055941,13746714387,node,City Tabernacle of Seventh-day Adventists,church,concrete
Building_1267055942,13746714387,node,City Tabernacle of Seventh-day Adventists,church,concrete
Building_1267055944,13746714387,node,City Tabernacle of Seventh-day Adventists,church,concrete
Building_12688565,9153637261,node,unnamed,construction,concrete
Building_1270874293,8699111837,node,unnamed,yes,concrete
Building_1273101718,368043670,node,Paula Cooper Gallery,yes,brick
Building_127761106,3819470905,node,M&T Bank,commercial,glass curtain wall
Building_127761108,4231923696,node,Sylvia's Restaurant,yes,concrete
Building_127761110,3819470905,node,M&T Bank,commercial,glass curtain wall
Building_127761112,3819470905,node,M&T Bank,commercial,glass curtain wall
Building_127761115,4231923696,node,Sylvia's Restaurant,yes,concrete
Building_127761119,3819470905,node,M&T Bank,commercial,glass curtain wall
Building_127764623,2767633758,node,Fine Fare,retail,concrete
Building_127764624,4231923696,node,Sylvia's Restaurant,yes,concrete
Building_127764625,2767633758,node,Fine Fare,retail,concrete
Building_127764634,2767633758,node,Fine Fare,retail,concrete
Building_127764645,2767633758,node,Fine Fare,retail,concrete
Building_127764647,2767633758,node,Fine Fare,retail,concrete
Building_127764653,3819470905,node,M&T Bank,commercial,glass curtain wall
Building_127766204,2767633758,node,Fine Fare,retail,concrete
Building_127766205,2767633758,node,Fine Fare,retail,concrete
Building_127766208,2767633758,node,Fine Fare,retail,concrete
Building_127812940,2767633758,node,Fine Fare,retail,concrete
Building_127812941,2767633758,node,Fine Fare,retail,concrete
Building_127812943,2767633758,node,Fine Fare,retail,concrete
Building_127812945,2767633758,node,Fine Fare,retail,concrete
Building_127812947,2767633758,node,Fine Fare,retail,concrete
Building_127812948,2767633758,node,Fine Fare,retail,concrete
Building_127812952,2767633758,node,Fine Fare,retail,concrete
Building_127812954,2767633758,node,Fine Fare,retail,concrete
Building_127812957,2767633758,node,Fine Fare,retail,concrete
Building_127812958,3819470905,node,M&T Bank,commercial,glass curtain wall
Building_127812960,2767633758,node,Fine Fare,retail,concrete
Building_1279942386,2013022253,node,"Niclab Consulting Group, LLC",yes,concrete
Building_1279946996,2013022253,node,"Niclab Consulting Group, LLC",yes,concrete
Building_128541166,368044339,node,Thayer Street Telephone Exchange,yes,concrete
Building_12861651,4204715198,node,unnamed,mosque,concrete
Building_12861665,4204715198,node,unnamed,mosque,concrete
Building_12861681,4204715198,node,unnamed,mosque,concrete
Building_12861696,4204715198,node,unnamed,mosque,concrete
Building_12861717,4204715198,node,unnamed,mosque,concrete
Building_12861748,4204715198,node,unnamed,mosque,concrete
Building_12861793,4204715198,node,unnamed,mosque,concrete
Building_12861842,4204715198,node,unnamed,mosque,concrete
Building_1288644217,2705817544,node,Scholar's Residence,residential,brick/concrete
Building_1288644218,2705817544,node,Scholar's Residence,residential,brick/concrete
Building_1288644219,2705817244,node,Faculty House,residential,brick/concrete
Building_1288644220,368052723,node,John D Rockefeller Junior and David Rockefeller Research Building,yes,concrete
Building_1288644221,2705817544,node,Scholar's Residence,residential,brick/concrete
Building_1288644222,2705817244,node,Faculty House,residential,brick/concrete
Building_1288644223,2705817244,node,Faculty House,residential,brick/concrete
Building_1288644224,2705817544,node,Scholar's Residence,residential,brick/concrete
Building_1288644225,2705817544,node,Scholar's Residence,residential,brick/concrete
Building_1288648566,2705817244,node,Faculty House,residential,brick/concrete
Building_1288648567,2705817244,node,Faculty House,residential,brick/concrete
Building_1288648568,2705817244,node,Faculty House,residential,brick/concrete
Building_1288648569,2705817244,node,Faculty House,residential,brick/concrete
Building_1288648570,2705817544,node,Scholar's Residence,residential,brick/concrete
Building_1288648571,368052723,node,John D Rockefeller Junior and David Rockefeller Research Building,yes,concrete
Building_1288648572,2705817544,node,Scholar's Residence,residential,brick/concrete
Building_1288648573,368052582,node,Founders Hall,yes,concrete
Building_1288648574,368052582,node,Founders Hall,yes,concrete
Building_1288648575,2705817244,node,Faculty House,residential,brick/concrete
Building_1288648576,2705817244,node,Faculty House,residential,brick/concrete
Building_1288648577,368052734,node,Theobald Smith Hall,yes,concrete
Building_1288648578,2705817244,node,Faculty House,residential,brick/concrete
Building_1288648579,2705817244,node,Faculty House,residential,brick/concrete
Building_1288648580,2705817244,node,Faculty House,residential,brick/concrete
Building_1288648581,368052723,node,John D Rockefeller Junior and David Rockefeller Research Building,yes,concrete
Building_1288648582,368052723,node,John D Rockefeller Junior and David Rockefeller Research Building,yes,concrete
Building_1288648583,368052723,node,John D Rockefeller Junior and David Rockefeller Research Building,yes,concrete
Building_1288648584,2705817244,node,Faculty House,residential,brick/concrete
Building_1288648585,2705817544,node,Scholar's Residence,residential,brick/concrete
Building_1288648586,368052734,node,Theobald Smith Hall,yes,concrete
Building_1288648587,368052723,node,John D Rockefeller Junior and David Rockefeller Research Building,yes,concrete
Building_1288648588,2705817244,node,Faculty House,residential,brick/concrete
Building_1288648589,2705817244,node,Faculty House,residential,brick/concrete
Building_1288648590,2705817244,node,Faculty House,residential,brick/concrete
Building_1288648591,2705817244,node,Faculty House,residential,brick/concrete
Building_1288648592,2705817544,node,Scholar's Residence,residential,brick/concrete
Building_1288730353,2705817544,node,Scholar's Residence,residential,brick/concrete
Building_1288730354,2705817244,node,Faculty House,residential,brick/concrete
Building_1288730355,2705817244,node,Faculty House,residential,brick/concrete
Building_1288730356,2705817544,node,Scholar's Residence,residential,brick/concrete
Building_1288730358,2705817244,node,Faculty House,residential,brick/concrete
Building_1288730359,2705817244,node,Faculty House,residential,brick/concrete
Building_1288730360,2705817544,node,Scholar's Residence,residential,brick/concrete
Building_1288730361,2705817244,node,Faculty House,residential,brick/concrete
Building_1288730363,368051214,node,Fiftyfourth Street Public Bath and Gymnasium,public,concrete
Building_1288730364,368052723,node,John D Rockefeller Junior and David Rockefeller Research Building,yes,concrete
Building_1288738585,368052582,node,Founders Hall,yes,concrete
Building_1288738586,368052723,node,John D Rockefeller Junior and David Rockefeller Research Building,yes,concrete
Building_1288738587,368052723,node,John D Rockefeller Junior and David Rockefeller Research Building,yes,concrete
Building_1288738588,3143934834,node,The Caedmon School,school,concrete
Building_1288738589,368052582,node,Founders Hall,yes,concrete
Building_1288738590,3382957013,node,unnamed,house,brick/concrete
Building_1288738591,368052582,node,Founders Hall,yes,concrete
Building_1288738592,368052723,node,John D Rockefeller Junior and David Rockefeller Research Building,yes,concrete
Building_1288738593,3143934834,node,The Caedmon School,school,concrete
Building_1288738594,6816303732,node,Belmont Garage,garage,concrete
Building_1288738595,368052723,node,John D Rockefeller Junior and David Rockefeller Research Building,yes,concrete
Building_1288738596,3143934834,node,The Caedmon School,school,concrete
Building_1288738597,6816303732,node,Belmont Garage,garage,concrete
Building_1288738598,3143934834,node,The Caedmon School,school,concrete
Building_1288738599,3382957013,node,unnamed,house,brick/concrete
Building_1288738600,3382957013,node,unnamed,house,brick/concrete
Building_1288750538,6816303732,node,Belmont Garage,garage,concrete
Building_1288750539,6816303732,node,Belmont Garage,garage,concrete
Building_1288750540,6816303732,node,Belmont Garage,garage,concrete
Building_1288750541,6816303732,node,Belmont Garage,garage,concrete
Building_1288750542,6816303732,node,Belmont Garage,garage,concrete
Building_1288750543,6816303732,node,Belmont Garage,garage,concrete
Building_1298162134,10287737738,node,unnamed,yes,concrete
Building_1298162135,10287737738,node,unnamed,yes,concrete
Building_1298162136,10287737738,node,unnamed,yes,concrete
Building_1300594468,3843628369,node,UN Halal,no,concrete
Building_130065907,368043179,node,Castilian Towers,yes,concrete
Building_130065908,2767633758,node,Fine Fare,retail,concrete
Building_130065909,2767633758,node,Fine Fare,retail,concrete
Building_130065911,2767633758,node,Fine Fare,retail,concrete
Building_130065912,2767633758,node,Fine Fare,retail,concrete
Building_130065913,2767633758,node,Fine Fare,retail,concrete
Building_130065914,2767633758,node,Fine Fare,retail,concrete
Building_130065915,368054201,node,Harvey Building,yes,concrete
Building_130065916,2767633758,node,Fine Fare,retail,concrete
Building_130065917,2767633758,node,Fine Fare,retail,concrete
Building_130065918,2767633758,node,Fine Fare,retail,concrete
Building_130065919,2767633758,node,Fine Fare,retail,concrete
Building_130065920,2767633758,node,Fine Fare,retail,concrete
Building_130065921,368054201,node,Harvey Building,yes,concrete
Building_130065922,2767633758,node,Fine Fare,retail,concrete
Building_130065923,2767633758,node,Fine Fare,retail,concrete
Building_130067979,2767633758,node,Fine Fare,retail,concrete
Building_130067986,368054201,node,Harvey Building,yes,concrete
Building_130067996,368054201,node,Harvey Building,yes,concrete
Building_130067997,368054201,node,Harvey Building,yes,concrete
Building_130067998,368054201,node,Harvey Building,yes,concrete
Building_130068001,368054201,node,Harvey Building,yes,concrete
Building_130068002,2767633758,node,Fine Fare,retail,concrete
Building_130068004,2767633758,node,Fine Fare,retail,concrete
Building_1300739719,11502442178,node,The Robert W. Wilson MCC Theater Space,yes,concrete
Building_1302851206,10287737738,node,unnamed,yes,concrete
Building_1302851208,10287737738,node,unnamed,yes,concrete
Building_1302851209,10287737738,node,unnamed,yes,concrete
Building_1302861035,10287737738,node,unnamed,yes,concrete
Building_1302867822,2767633758,node,Fine Fare,retail,concrete
Building_131111124,368062059,node,Greenpoint Home for the Aged,yes,concrete
Building_131625060,11956502494,node,unnamed,yes,concrete
Building_131625061,11956502494,node,unnamed,yes,concrete
Building_131625062,11956502494,node,unnamed,yes,concrete
Building_131625063,368062059,node,Greenpoint Home for the Aged,yes,concrete
Building_131625064,368043380,node,Hamilton Fish Park Play Center,yes,concrete
Building_131625128,4758938134,node,Building 9,yes,concrete
Building_131625129,11956502494,node,unnamed,yes,concrete
Building_131625130,11956502494,node,unnamed,yes,concrete
Building_131625131,11956502494,node,unnamed,yes,concrete
Building_131625132,11956502494,node,unnamed,yes,concrete
Building_131625135,4758938134,node,Building 9,yes,concrete
Building_131636311,11956502494,node,unnamed,yes,concrete
Building_131636312,368062059,node,Greenpoint Home for the Aged,yes,concrete
Building_131636313,4758938134,node,Building 9,yes,concrete
Building_131636314,11956502494,node,unnamed,yes,concrete
Building_131636315,368062059,node,Greenpoint Home for the Aged,yes,concrete
Building_131636839,368055713,node,Christodora House,yes,concrete
Building_131662299,368062059,node,Greenpoint Home for the Aged,yes,concrete
Building_131662301,368062059,node,Greenpoint Home for the Aged,yes,concrete
Building_131662303,9153637261,node,unnamed,construction,concrete
Building_131662305,9153637261,node,unnamed,construction,concrete
Building_131662309,368062059,node,Greenpoint Home for the Aged,yes,concrete
Building_131662313,368062059,node,Greenpoint Home for the Aged,yes,concrete
Building_131662314,368062059,node,Greenpoint Home for the Aged,yes,concrete
Building_131662340,368062059,node,Greenpoint Home for the Aged,yes,concrete
Building_131662342,9153637271,node,unnamed,construction,concrete
Building_13208132,12232476848,node,unnamed,yes,concrete
Building_13208181,12232476848,node,unnamed,yes,concrete
Building_13219585,368051214,node,Fiftyfourth Street Public Bath and Gymnasium,public,concrete
Building_13219655,368044016,node,Permanent Mission of Poland to the U.N.,yes,concrete
Building_13220788,4758938134,node,Building 9,yes,concrete
Building_13220926,4758938134,node,Building 9,yes,concrete
Building_13220939,4758938134,node,Building 9,yes,concrete
Building_13220953,4758938134,node,Building 9,yes,concrete
Building_13221068,4758938134,node,Building 9,yes,concrete
Building_13221124,4758938134,node,Building 9,yes,concrete
Building_13221340,4758938134,node,Building 9,yes,concrete
Building_13221412,4758938134,node,Building 9,yes,concrete
Building_13221455,368043380,node,Hamilton Fish Park Play Center,yes,concrete
Building_13221601,4758938134,node,Building 9,yes,concrete
Building_13222312,368043380,node,Hamilton Fish Park Play Center,yes,concrete
Building_132297255,6816303732,node,Belmont Garage,garage,concrete
Building_132558143,10287737738,node,unnamed,yes,concrete
Building_132558144,368043412,node,Saint Paul's Center,yes,concrete
Building_132558145,10287737738,node,unnamed,yes,concrete
Building_132558146,10287737738,node,unnamed,yes,concrete
Building_132558147,10287737738,node,unnamed,yes,concrete
Building_132558216,10287737738,node,unnamed,yes,concrete
Building_132558227,10287737738,node,unnamed,yes,concrete
Building_132558228,10287737738,node,unnamed,yes,concrete
Building_132558230,10287737738,node,unnamed,yes,concrete
Building_133762405,8699111837,node,unnamed,yes,concrete
Building_133762406,2439791068,node,The Strand Smokehouse,yes,concrete
Building_133762409,2439791068,node,The Strand Smokehouse,yes,concrete
Building_133762411,12770983688,node,unnamed,yes,concrete
Building_133762413,8699111837,node,unnamed,yes,concrete
Building_133762414,10287737738,node,unnamed,yes,concrete
Building_133762415,8699111837,node,unnamed,yes,concrete
Building_133762416,8699111837,node,unnamed,yes,concrete
Building_133762419,8699111837,node,unnamed,yes,concrete
Building_133762420,12770983688,node,unnamed,yes,concrete
Building_133762421,8699111837,node,unnamed,yes,concrete
Building_133762426,8699111837,node,unnamed,yes,concrete
Building_133762427,8699111837,node,unnamed,yes,concrete
Building_133762431,8699111837,node,unnamed,yes,concrete
Building_133762432,8699111837,node,unnamed,yes,concrete
Building_133762433,4204715198,node,unnamed,mosque,concrete
Building_133762434,8699111837,node,unnamed,yes,concrete
Building_133762435,8699111837,node,unnamed,yes,concrete
Building_133762436,8699111837,node,unnamed,yes,concrete
Building_133762439,8699111837,node,unnamed,yes,concrete
Building_133762440,8699111837,node,unnamed,yes,concrete
Building_133762441,8699111837,node,unnamed,yes,concrete
Building_133762444,10287737738,node,unnamed,yes,concrete
Building_133762445,8699111837,node,unnamed,yes,concrete
Building_133762446,8699111837,node,unnamed,yes,concrete
Building_133762448,8699111837,node,unnamed,yes,concrete
Building_133762450,8699111837,node,unnamed,yes,concrete
Building_133762451,12770983688,node,unnamed,yes,concrete
Building_133762458,10287737738,node,unnamed,yes,concrete
Building_133762461,12770983688,node,unnamed,yes,concrete
Building_133762465,8699111837,node,unnamed,yes,concrete
Building_133765513,10287737738,node,unnamed,yes,concrete
Building_133765514,10287737738,node,unnamed,yes,concrete
Building_134022561,4758938134,node,Building 9,yes,concrete
Building_134022562,4758938134,node,Building 9,yes,concrete
Building_134022563,4758938134,node,Building 9,yes,concrete
Building_134022564,4758938134,node,Building 9,yes,concrete
Building_134022581,4758938134,node,Building 9,yes,concrete
Building_134022582,4758938134,node,Building 9,yes,concrete
Building_134022586,4758938134,node,Building 9,yes,concrete
Building_134022588,4758938134,node,Building 9,yes,concrete
Building_134022589,4758938134,node,Building 9,yes,concrete
Building_134022591,4758938134,node,Building 9,yes,concrete
Building_134022593,4758938134,node,Building 9,yes,concrete
Building_134022594,4758938134,node,Building 9,yes,concrete
Building_134022595,4758938134,node,Building 9,yes,concrete
Building_134022599,4758938134,node,Building 9,yes,concrete
Building_134022603,4758938134,node,Building 9,yes,concrete
Building_134121285,4758938134,node,Building 9,yes,concrete
Building_134124001,368053777,node,Langdon Building,yes,concrete
Building_134125327,368053777,node,Langdon Building,yes,concrete
Building_134125328,368053777,node,Langdon Building,yes,concrete
Building_134125329,368053777,node,Langdon Building,yes,concrete
Building_134125339,368053777,node,Langdon Building,yes,concrete
Building_134125342,3145726314,node,The Post Factory,commercial,glass curtain wall
Building_134128557,368053777,node,Langdon Building,yes,concrete
Building_134128565,368053777,node,Langdon Building,yes,concrete
Building_134128566,368053777,node,Langdon Building,yes,concrete
Building_13419053,368055863,node,Phipps Plaza,yes,concrete
Building_134235732,368043670,node,Paula Cooper Gallery,yes,brick
Building_134235734,368043670,node,Paula Cooper Gallery,yes,brick
Building_134235735,368043670,node,Paula Cooper Gallery,yes,brick
Building_134235736,368043670,node,Paula Cooper Gallery,yes,brick
Building_134235737,368043670,node,Paula Cooper Gallery,yes,brick
Building_134235739,368043579,node,River's Edge,yes,concrete
Building_134235740,368043579,node,River's Edge,yes,concrete
Building_134235741,368043579,node,River's Edge,yes,concrete
Building_134235742,368043579,node,River's Edge,yes,concrete
Building_134238700,368043670,node,Paula Cooper Gallery,yes,brick
Building_134255446,3145726314,node,The Post Factory,commercial,glass curtain wall
Building_134255447,3145726314,node,The Post Factory,commercial,glass curtain wall
Building_134255448,3145726314,node,The Post Factory,commercial,glass curtain wall
Building_134255450,3145726314,node,The Post Factory,commercial,glass curtain wall
Building_134255451,3145726314,node,The Post Factory,commercial,glass curtain wall
Building_134377740,368043670,node,Paula Cooper Gallery,yes,brick
Building_134377741,368043670,node,Paula Cooper Gallery,yes,brick
Building_134377742,368043670,node,Paula Cooper Gallery,yes,brick
Building_134377743,368043670,node,Paula Cooper Gallery,yes,brick
Building_134377744,368043579,node,River's Edge,yes,concrete
Building_134381424,368043579,node,River's Edge,yes,concrete
Building_134381426,368043579,node,River's Edge,yes,concrete
Building_134381428,368043579,node,River's Edge,yes,concrete
Building_134381432,368043579,node,River's Edge,yes,concrete
Building_134381435,368043579,node,River's Edge,yes,concrete
Building_134381438,368043579,node,River's Edge,yes,concrete
Building_134381441,368043579,node,River's Edge,yes,concrete
Building_134381442,368043579,node,River's Edge,yes,concrete
Building_134381445,368043579,node,River's Edge,yes,concrete
Building_134381446,368043579,node,River's Edge,yes,concrete
Building_134381449,368043579,node,River's Edge,yes,concrete
Building_134381450,368043579,node,River's Edge,yes,concrete
Building_134381453,368043579,node,River's Edge,yes,concrete
Building_134381454,368043579,node,River's Edge,yes,concrete
Building_134381466,368043579,node,River's Edge,yes,concrete
Building_134381467,368043670,node,Paula Cooper Gallery,yes,brick
Building_134381469,368043579,node,River's Edge,yes,concrete
Building_134383282,368055721,node,New York Service Center Manhattan Plaza,yes,concrete
Building_134383283,368055721,node,New York Service Center Manhattan Plaza,yes,concrete
Building_134383284,368055721,node,New York Service Center Manhattan Plaza,yes,concrete
Building_134383285,368055721,node,New York Service Center Manhattan Plaza,yes,concrete
Building_134383287,368055721,node,New York Service Center Manhattan Plaza,yes,concrete
Building_134383288,368055721,node,New York Service Center Manhattan Plaza,yes,concrete
Building_134383289,368055721,node,New York Service Center Manhattan Plaza,yes,concrete
Building_134385094,368043670,node,Paula Cooper Gallery,yes,brick
Building_134385096,368043670,node,Paula Cooper Gallery,yes,brick
Building_134385097,368043579,node,River's Edge,yes,concrete
Building_134385098,368043579,node,River's Edge,yes,concrete
Building_134385099,368043579,node,River's Edge,yes,concrete
Building_134385100,368043579,node,River's Edge,yes,concrete
Building_134385101,368043579,node,River's Edge,yes,concrete
Building_134386802,368043579,node,River's Edge,yes,concrete
Building_134386803,368055721,node,New York Service Center Manhattan Plaza,yes,concrete
Building_134386805,368043579,node,River's Edge,yes,concrete
Building_134386806,368043579,node,River's Edge,yes,concrete
Building_134386807,368043579,node,River's Edge,yes,concrete
Building_134386809,368055721,node,New York Service Center Manhattan Plaza,yes,concrete
Building_134386810,368043579,node,River's Edge,yes,concrete
Building_134386812,368043579,node,River's Edge,yes,concrete
Building_134386813,368043579,node,River's Edge,yes,concrete
Building_134386814,368043579,node,River's Edge,yes,concrete
Building_134386815,368043579,node,River's Edge,yes,concrete
Building_134386816,368055721,node,New York Service Center Manhattan Plaza,yes,concrete
Building_134387864,9153637261,node,unnamed,construction,concrete
Building_134387866,9153637261,node,unnamed,construction,concrete
Building_134387870,9153637261,node,unnamed,construction,concrete
Building_134387872,9153637271,node,unnamed,construction,concrete
Building_134387879,9153637271,node,unnamed,construction,concrete
Building_134389412,368043579,node,River's Edge,yes,concrete
Building_134389413,368043579,node,River's Edge,yes,concrete
Building_134389415,368043579,node,River's Edge,yes,concrete
Building_134389418,368043579,node,River's Edge,yes,concrete
Building_134389419,368043579,node,River's Edge,yes,concrete
Building_134389424,368043579,node,River's Edge,yes,concrete
Building_134389426,368043579,node,River's Edge,yes,concrete
Building_134389430,368043579,node,River's Edge,yes,concrete
Building_134391517,368043579,node,River's Edge,yes,concrete
Building_134391521,368043579,node,River's Edge,yes,concrete
Building_134391525,368043579,node,River's Edge,yes,concrete
Building_134395070,368055721,node,New York Service Center Manhattan Plaza,yes,concrete
Building_134395800,368043579,node,River's Edge,yes,concrete
Building_134395803,368043579,node,River's Edge,yes,concrete
Building_134412942,3145726314,node,The Post Factory,commercial,glass curtain wall
Building_134412944,368043579,node,River's Edge,yes,concrete
Building_134412947,3145726314,node,The Post Factory,commercial,glass curtain wall
Building_134412950,3145726314,node,The Post Factory,commercial,glass curtain wall
Building_134412954,3145726314,node,The Post Factory,commercial,glass curtain wall
Building_134412957,3145726314,node,The Post Factory,commercial,glass curtain wall
Building_134412963,3145726314,node,The Post Factory,commercial,glass curtain wall
Building_134412965,368053777,node,Langdon Building,yes,concrete
Building_134412968,3145726314,node,The Post Factory,commercial,glass curtain wall
Building_134412971,368043579,node,River's Edge,yes,concrete
Building_134412979,3145726314,node,The Post Factory,commercial,glass curtain wall
Building_134412982,368043579,node,River's Edge,yes,concrete
Building_134412983,3145726314,node,The Post Factory,commercial,glass curtain wall
Building_134412986,3145726314,node,The Post Factory,commercial,glass curtain wall
Building_134412993,368043579,node,River's Edge,yes,concrete
Building_134415809,368053777,node,Langdon Building,yes,concrete
Building_134415811,368053777,node,Langdon Building,yes,concrete
Building_134415812,3145726314,node,The Post Factory,commercial,glass curtain wall
Building_134415814,368053777,node,Langdon Building,yes,concrete
Building_134415815,3145726314,node,The Post Factory,commercial,glass curtain wall
Building_134415816,368053777,node,Langdon Building,yes,concrete
Building_134415817,368053777,node,Langdon Building,yes,concrete
Building_134415819,368053777,node,Langdon Building,yes,concrete
Building_134415820,368053777,node,Langdon Building,yes,concrete
Building_134417225,3145726314,node,The Post Factory,commercial,glass curtain wall
Building_134417227,368043579,node,River's Edge,yes,concrete
Building_134417229,3145726314,node,The Post Factory,commercial,glass curtain wall
Building_134420139,368043579,node,River's Edge,yes,concrete
Building_134420140,368043579,node,River's Edge,yes,concrete
Building_134420141,368043579,node,River's Edge,yes,concrete
Building_134519859,9153637261,node,unnamed,construction,concrete
Building_134519860,9153637261,node,unnamed,construction,concrete
Building_134519861,9153637261,node,unnamed,construction,concrete
Building_134519862,9153637261,node,unnamed,construction,concrete
Building_134519863,9153637261,node,unnamed,construction,concrete
Building_134519864,9153637261,node,unnamed,construction,concrete
Building_134519866,9153637261,node,unnamed,construction,concrete
Building_134519867,9153637261,node,unnamed,construction,concrete
Building_134519868,9153637261,node,unnamed,construction,concrete
Building_134519870,9153637261,node,unnamed,construction,concrete
Building_134519873,9153637261,node,unnamed,construction,concrete
Building_134519874,9153637261,node,unnamed,construction,concrete
Building_134519979,9153637261,node,unnamed,construction,concrete
Building_134519981,9153637261,node,unnamed,construction,concrete
Building_134519982,9153637261,node,unnamed,construction,concrete
Building_134521042,9153637261,node,unnamed,construction,concrete
Building_134521107,9153637261,node,unnamed,construction,concrete
Building_134521108,9153637261,node,unnamed,construction,concrete
Building_134521109,9153637261,node,unnamed,construction,concrete
Building_134521110,9153637261,node,unnamed,construction,concrete
Building_134555062,368043468,node,The Hampshire,yes,concrete
Building_134555063,368043468,node,The Hampshire,yes,concrete
Building_134555064,368043320,node,Washington Court,yes,concrete
Building_134555065,12046346528,node,Vince,yes,concrete
Building_134557064,12046346528,node,Vince,yes,concrete
Building_134557067,12046346528,node,Vince,yes,concrete
Building_134557068,12046346528,node,Vince,yes,concrete
Building_134557069,6231307186,node,Monroe Market,commercial,glass curtain wall
Building_134557070,12046346528,node,Vince,yes,concrete
Building_134558490,368053777,node,Langdon Building,yes,concrete
Building_134558492,368053777,node,Langdon Building,yes,concrete
Building_134558493,12046346528,node,Vince,yes,concrete
Building_134558494,368051255,node,Building Services Employees International Union Headquarters,public,concrete
Building_134558495,368051255,node,Building Services Employees International Union Headquarters,public,concrete
Building_134558496,368051255,node,Building Services Employees International Union Headquarters,public,concrete
Building_134558497,12046346528,node,Vince,yes,concrete
Building_134558498,12046346528,node,Vince,yes,concrete
Building_134558499,12046346528,node,Vince,yes,concrete
Building_134558500,12046346528,node,Vince,yes,concrete
Building_134558504,368053777,node,Langdon Building,yes,concrete
Building_134558508,368053777,node,Langdon Building,yes,concrete
Building_134558510,368053777,node,Langdon Building,yes,concrete
Building_134560239,368053777,node,Langdon Building,yes,concrete
Building_134560240,368053777,node,Langdon Building,yes,concrete
Building_134560241,368053777,node,Langdon Building,yes,concrete
Building_134560242,368053777,node,Langdon Building,yes,concrete
Building_134560243,368053777,node,Langdon Building,yes,concrete
Building_134560244,368053777,node,Langdon Building,yes,concrete
Building_134560246,368053777,node,Langdon Building,yes,concrete
Building_134560247,368053777,node,Langdon Building,yes,concrete
Building_134560249,368053777,node,Langdon Building,yes,concrete
Building_134560251,368053777,node,Langdon Building,yes,concrete
Building_134560252,368053777,node,Langdon Building,yes,concrete
Building_134560254,368053777,node,Langdon Building,yes,concrete
Building_134560255,368053777,node,Langdon Building,yes,concrete
Building_134563875,368053777,node,Langdon Building,yes,concrete
Building_134563876,368053777,node,Langdon Building,yes,concrete
Building_134563878,368053777,node,Langdon Building,yes,concrete
Building_134563879,368053777,node,Langdon Building,yes,concrete
Building_134563880,368053777,node,Langdon Building,yes,concrete
Building_134563881,368053777,node,Langdon Building,yes,concrete
Building_134565683,368053777,node,Langdon Building,yes,concrete
Building_134566783,368055713,node,Christodora House,yes,concrete
Building_134633474,368043670,node,Paula Cooper Gallery,yes,brick
Building_134633475,368043670,node,Paula Cooper Gallery,yes,brick
Building_134633476,368043670,node,Paula Cooper Gallery,yes,brick
Building_134635220,368043670,node,Paula Cooper Gallery,yes,brick
Building_134635221,368043670,node,Paula Cooper Gallery,yes,brick
Building_134636568,368043670,node,Paula Cooper Gallery,yes,brick
Building_134636570,368043670,node,Paula Cooper Gallery,yes,brick
Building_134638370,368043670,node,Paula Cooper Gallery,yes,brick
Building_134638371,368043670,node,Paula Cooper Gallery,yes,brick
Building_134638372,368043670,node,Paula Cooper Gallery,yes,brick
Building_134638373,368043670,node,Paula Cooper Gallery,yes,brick
Building_134638374,368043670,node,Paula Cooper Gallery,yes,brick
Building_134638375,368043670,node,Paula Cooper Gallery,yes,brick
Building_134638376,368043670,node,Paula Cooper Gallery,yes,brick
Building_134638378,368043670,node,Paula Cooper Gallery,yes,brick
Building_134641510,368043670,node,Paula Cooper Gallery,yes,brick
Building_134641511,368043670,node,Paula Cooper Gallery,yes,brick
Building_134707624,368053777,node,Langdon Building,yes,concrete
Building_134707628,368053777,node,Langdon Building,yes,concrete
Building_134708384,368053777,node,Langdon Building,yes,concrete
Building_134800768,4758938134,node,Building 9,yes,concrete
Building_134800769,4758938134,node,Building 9,yes,concrete
Building_134800793,4758938134,node,Building 9,yes,concrete
Building_134800795,4758938134,node,Building 9,yes,concrete
Building_134800797,4758938134,node,Building 9,yes,concrete
Building_134814875,368053777,node,Langdon Building,yes,concrete
Building_134814878,368053777,node,Langdon Building,yes,concrete
Building_134817972,368053777,node,Langdon Building,yes,concrete
Building_134817973,6231307186,node,Monroe Market,commercial,glass curtain wall
Building_134817974,6231307186,node,Monroe Market,commercial,glass curtain wall
Building_134817975,6231307186,node,Monroe Market,commercial,glass curtain wall
Building_134817976,6231307186,node,Monroe Market,commercial,glass curtain wall
Building_134817977,6231307186,node,Monroe Market,commercial,glass curtain wall
Building_134817982,6231307186,node,Monroe Market,commercial,glass curtain wall
Building_134817985,368053777,node,Langdon Building,yes,concrete
Building_134817987,368053777,node,Langdon Building,yes,concrete
Building_134817988,368053777,node,Langdon Building,yes,concrete
Building_134817989,368053777,node,Langdon Building,yes,concrete
Building_134817991,368053777,node,Langdon Building,yes,concrete
Building_134817992,6231307186,node,Monroe Market,commercial,glass curtain wall
Building_134818284,6231307186,node,Monroe Market,commercial,glass curtain wall
Building_134821057,368053777,node,Langdon Building,yes,concrete
Building_134821059,368053777,node,Langdon Building,yes,concrete
Building_134821064,368053777,node,Langdon Building,yes,concrete
Building_134821066,368053777,node,Langdon Building,yes,concrete
Building_134821070,368053777,node,Langdon Building,yes,concrete
Building_134821392,368053777,node,Langdon Building,yes,concrete
Building_134834433,368053777,node,Langdon Building,yes,concrete
Building_134835581,368053777,node,Langdon Building,yes,concrete
Building_134835582,368053777,node,Langdon Building,yes,concrete
Building_134835586,368053777,node,Langdon Building,yes,concrete
Building_134835587,368053777,node,Langdon Building,yes,concrete
Building_134912759,6231307186,node,Monroe Market,commercial,glass curtain wall
Building_134912760,368053777,node,Langdon Building,yes,concrete
Building_134912762,368053777,node,Langdon Building,yes,concrete
Building_134912763,368053777,node,Langdon Building,yes,concrete
Building_134912764,368053777,node,Langdon Building,yes,concrete
Building_134912765,6231307186,node,Monroe Market,commercial,glass curtain wall
Building_134912766,6231307186,node,Monroe Market,commercial,glass curtain wall
Building_134912769,368053777,node,Langdon Building,yes,concrete
Building_134912770,368053777,node,Langdon Building,yes,concrete
Building_134912771,368053777,node,Langdon Building,yes,concrete
Building_134912773,368053777,node,Langdon Building,yes,concrete
Building_134912774,368053777,node,Langdon Building,yes,concrete
Building_134912775,6231307186,node,Monroe Market,commercial,glass curtain wall
Building_134913961,368053777,node,Langdon Building,yes,concrete
Building_134913965,368053777,node,Langdon Building,yes,concrete
Building_134921531,368053777,node,Langdon Building,yes,concrete
Building_134921534,368053777,node,Langdon Building,yes,concrete
Building_134921535,368053777,node,Langdon Building,yes,concrete
Building_134921851,368053777,node,Langdon Building,yes,concrete
Building_134951127,368053777,node,Langdon Building,yes,concrete
Building_134951132,368053777,node,Langdon Building,yes,concrete
Building_134951135,368053777,node,Langdon Building,yes,concrete
Building_134951136,368053777,node,Langdon Building,yes,concrete
Building_134951138,368053777,node,Langdon Building,yes,concrete
Building_135028958,368053777,node,Langdon Building,yes,concrete
Building_135028960,368053777,node,Langdon Building,yes,concrete
Building_135028963,368053777,node,Langdon Building,yes,concrete
Building_135029005,368053777,node,Langdon Building,yes,concrete
Building_135032813,368053777,node,Langdon Building,yes,concrete
Building_135032814,368053777,node,Langdon Building,yes,concrete
Building_135032815,368053777,node,Langdon Building,yes,concrete
Building_135032816,368053777,node,Langdon Building,yes,concrete
Building_135032817,368053777,node,Langdon Building,yes,concrete
Building_135032818,368053777,node,Langdon Building,yes,concrete
Building_135032819,368053777,node,Langdon Building,yes,concrete
Building_135032820,368053777,node,Langdon Building,yes,concrete
Building_135032821,368053777,node,Langdon Building,yes,concrete
Building_135032822,368053777,node,Langdon Building,yes,concrete
Building_135032823,368053777,node,Langdon Building,yes,concrete
Building_135032824,368053777,node,Langdon Building,yes,concrete
Building_135032825,368053777,node,Langdon Building,yes,concrete
Building_135032826,368053777,node,Langdon Building,yes,concrete
Building_135032827,368053777,node,Langdon Building,yes,concrete
Building_135033202,368053777,node,Langdon Building,yes,concrete
Building_135033203,368053777,node,Langdon Building,yes,concrete
Building_135033204,368053777,node,Langdon Building,yes,concrete
Building_135033205,368053777,node,Langdon Building,yes,concrete
Building_135035482,368053777,node,Langdon Building,yes,concrete
Building_135037190,368053777,node,Langdon Building,yes,concrete
Building_135037191,6231307186,node,Monroe Market,commercial,glass curtain wall
Building_135037192,6231307186,node,Monroe Market,commercial,glass curtain wall
Building_135037193,6231307186,node,Monroe Market,commercial,glass curtain wall
Building_135037194,368053777,node,Langdon Building,yes,concrete
Building_135037195,368053777,node,Langdon Building,yes,concrete
Building_135037196,6231307186,node,Monroe Market,commercial,glass curtain wall
Building_135037197,368053777,node,Langdon Building,yes,concrete
Building_135037198,368053777,node,Langdon Building,yes,concrete
Building_135037199,6231307186,node,Monroe Market,commercial,glass curtain wall
Building_135037203,6231307186,node,Monroe Market,commercial,glass curtain wall
Building_135037205,368053777,node,Langdon Building,yes,concrete
Building_135037208,368053777,node,Langdon Building,yes,concrete
Building_135037211,6231307186,node,Monroe Market,commercial,glass curtain wall
Building_135037214,6231307186,node,Monroe Market,commercial,glass curtain wall
Building_135037216,368053777,node,Langdon Building,yes,concrete
Building_135037218,6231307186,node,Monroe Market,commercial,glass curtain wall
Building_135037221,6231307186,node,Monroe Market,commercial,glass curtain wall
Building_135037223,368053777,node,Langdon Building,yes,concrete
Building_135037226,368053777,node,Langdon Building,yes,concrete
Building_135037409,6231307186,node,Monroe Market,commercial,glass curtain wall
Building_135037410,6231307186,node,Monroe Market,commercial,glass curtain wall
Building_135037411,6231307186,node,Monroe Market,commercial,glass curtain wall
Building_135037412,6231307186,node,Monroe Market,commercial,glass curtain wall
Building_135077612,368051255,node,Building Services Employees International Union Headquarters,public,concrete
Building_135077613,12046346528,node,Vince,yes,concrete
Building_135077614,368043468,node,The Hampshire,yes,concrete
Building_135077615,368043579,node,River's Edge,yes,concrete
Building_135077616,368043320,node,Washington Court,yes,concrete
Building_135077617,368051255,node,Building Services Employees International Union Headquarters,public,concrete
Building_135077618,368043320,node,Washington Court,yes,concrete
Building_135077619,3145726314,node,The Post Factory,commercial,glass curtain wall
Building_135077620,368043468,node,The Hampshire,yes,concrete
Building_135077621,368043476,node,Portico Place,yes,concrete
Building_135077622,368051255,node,Building Services Employees International Union Headquarters,public,concrete
Building_135077623,368043476,node,Portico Place,yes,concrete
Building_135077624,3145726314,node,The Post Factory,commercial,glass curtain wall
Building_135077626,368043579,node,River's Edge,yes,concrete
Building_1352390822,10287737738,node,unnamed,yes,concrete
Building_135449870,368043412,node,Saint Paul's Center,yes,concrete
Building_135449871,10287737738,node,unnamed,yes,concrete
Building_1354963646,368043238,node,Inwood Hill Park Ecology Center,yes,concrete
Building_1354963647,368043238,node,Inwood Hill Park Ecology Center,yes,concrete
Building_135558509,368052666,node,Kips Bay Building,yes,concrete
Building_135564438,368051214,node,Fiftyfourth Street Public Bath and Gymnasium,public,concrete
Building_1355669914,368043179,node,Castilian Towers,yes,concrete
Building_1355669915,368043179,node,Castilian Towers,yes,concrete
Building_1355669916,368043179,node,Castilian Towers,yes,concrete
Building_1355669917,368043179,node,Castilian Towers,yes,concrete
Building_1355669918,368043179,node,Castilian Towers,yes,concrete
Building_1355669919,368043179,node,Castilian Towers,yes,concrete
Building_1355669920,368043179,node,Castilian Towers,yes,concrete
Building_1355669921,368043179,node,Castilian Towers,yes,concrete
Building_1355669922,2013022253,node,"Niclab Consulting Group, LLC",yes,concrete
Building_1355669923,368043179,node,Castilian Towers,yes,concrete
Building_1355669924,2013022253,node,"Niclab Consulting Group, LLC",yes,concrete
Building_1355669926,2013022253,node,"Niclab Consulting Group, LLC",yes,concrete
Building_1355669927,2013022253,node,"Niclab Consulting Group, LLC",yes,concrete
Building_1355669928,368043179,node,Castilian Towers,yes,concrete
Building_1355669929,368043179,node,Castilian Towers,yes,concrete
Building_135595261,368051214,node,Fiftyfourth Street Public Bath and Gymnasium,public,concrete
Building_135595981,3843628369,node,UN Halal,no,concrete
Building_135595983,368051214,node,Fiftyfourth Street Public Bath and Gymnasium,public,concrete
Building_135711701,3382957013,node,unnamed,house,brick/concrete
Building_135711702,5133630723,node,Sheffield Mansion (The Nanny),yes,concrete
Building_135762296,9153637261,node,unnamed,construction,concrete
Building_135762297,9153637261,node,unnamed,construction,concrete
Building_135762298,9153637261,node,unnamed,construction,concrete
Building_135762301,9153637261,node,unnamed,construction,concrete
Building_135773998,4204715198,node,unnamed,mosque,concrete
Building_135773999,368054200,node,Realty Building,yes,concrete
Building_135774081,4204715198,node,unnamed,mosque,concrete
Building_135774098,4204715198,node,unnamed,mosque,concrete
Building_135774105,4204715198,node,unnamed,mosque,concrete
Building_135774126,4204715198,node,unnamed,mosque,concrete
Building_135789461,368055713,node,Christodora House,yes,concrete
Building_135921496,6231307186,node,Monroe Market,commercial,glass curtain wall
Building_135921514,6231307186,node,Monroe Market,commercial,glass curtain wall
Building_135921522,6231307186,node,Monroe Market,commercial,glass curtain wall
Building_135921523,6231307186,node,Monroe Market,commercial,glass curtain wall
Building_135921526,6231307186,node,Monroe Market,commercial,glass curtain wall
Building_135921527,6231307186,node,Monroe Market,commercial,glass curtain wall
Building_136023188,13746621748,node,International Ministry,church,concrete
Building_136107231,13746962700,node,West Harlem Church of Christ,church,concrete
Building_136107232,13746962700,node,West Harlem Church of Christ,church,concrete
Building_136107233,13746714387,node,City Tabernacle of Seventh-day Adventists,church,concrete
Building_136107234,8835657109,node,Day Care Center,university,concrete
Building_136107235,13746734354,node,Iglesia Resplandor de Gloria,church,concrete
Building_136107236,13746734354,node,Iglesia Resplandor de Gloria,church,concrete
Building_136107237,13746962700,node,West Harlem Church of Christ,church,concrete
Building_136107238,13746714387,node,City Tabernacle of Seventh-day Adventists,church,concrete
Building_136107239,13746962700,node,West Harlem Church of Christ,church,concrete
Building_136107240,13746962700,node,West Harlem Church of Christ,church,concrete
Building_136107241,8835657109,node,Day Care Center,university,concrete
Building_136107242,13746621748,node,International Ministry,church,concrete
Building_136107243,13746962700,node,West Harlem Church of Christ,church,concrete
Building_136107244,8835657109,node,Day Care Center,university,concrete
Building_136107245,13746714387,node,City Tabernacle of Seventh-day Adventists,church,concrete
Building_136107247,8835657109,node,Day Care Center,university,concrete
Building_136107251,8835657109,node,Day Care Center,university,concrete
Building_136107253,13746962700,node,West Harlem Church of Christ,church,concrete
Building_136107254,13746714387,node,City Tabernacle of Seventh-day Adventists,church,concrete
Building_136107255,8835657109,node,Day Care Center,university,concrete
Building_136107256,368043507,node,New York Structural Biology Center,yes,concrete
Building_136107257,8835657109,node,Day Care Center,university,concrete
Building_136107258,8835657109,node,Day Care Center,university,concrete
Building_136107260,13746714387,node,City Tabernacle of Seventh-day Adventists,church,concrete
Building_136107261,8835657109,node,Day Care Center,university,concrete
Building_136107262,8835657109,node,Day Care Center,university,concrete
Building_136107263,8835657109,node,Day Care Center,university,concrete
Building_136107264,8835657109,node,Day Care Center,university,concrete
Building_136107265,8835657109,node,Day Care Center,university,concrete
Building_136107266,13746714387,node,City Tabernacle of Seventh-day Adventists,church,concrete
Building_136107267,368043507,node,New York Structural Biology Center,yes,concrete
Building_136107268,13746714387,node,City Tabernacle of Seventh-day Adventists,church,concrete
Building_136107269,13746962700,node,West Harlem Church of Christ,church,concrete
Building_136107270,368043507,node,New York Structural Biology Center,yes,concrete
Building_136107271,368043507,node,New York Structural Biology Center,yes,concrete
Building_136107272,8835657109,node,Day Care Center,university,concrete
Building_136176023,6231307186,node,Monroe Market,commercial,glass curtain wall
Building_136176025,6231307186,node,Monroe Market,commercial,glass curtain wall
Building_136176027,6231307186,node,Monroe Market,commercial,glass curtain wall
Building_136176029,368053777,node,Langdon Building,yes,concrete
Building_136178529,2013022253,node,"Niclab Consulting Group, LLC",yes,concrete
Building_136196110,2013022253,node,"Niclab Consulting Group, LLC",yes,concrete
Building_136196111,2013022253,node,"Niclab Consulting Group, LLC",yes,concrete
Building_136196113,2013022253,node,"Niclab Consulting Group, LLC",yes,concrete
Building_136196114,2013022253,node,"Niclab Consulting Group, LLC",yes,concrete
Building_136197420,2013022253,node,"Niclab Consulting Group, LLC",yes,concrete
Building_136197421,2013022253,node,"Niclab Consulting Group, LLC",yes,concrete
Building_136198501,2013022253,node,"Niclab Consulting Group, LLC",yes,concrete
Building_136198502,2013022253,node,"Niclab Consulting Group, LLC",yes,concrete
Building_136198503,368044339,node,Thayer Street Telephone Exchange,yes,concrete
Building_136198505,2013022253,node,"Niclab Consulting Group, LLC",yes,concrete
Building_136199268,2013022253,node,"Niclab Consulting Group, LLC",yes,concrete
Building_136199269,368044339,node,Thayer Street Telephone Exchange,yes,concrete
Building_136199272,2013022253,node,"Niclab Consulting Group, LLC",yes,concrete
Building_136199273,368044339,node,Thayer Street Telephone Exchange,yes,concrete
Building_136200492,368044339,node,Thayer Street Telephone Exchange,yes,concrete
Building_136200496,368044339,node,Thayer Street Telephone Exchange,yes,concrete
Building_136200498,368044339,node,Thayer Street Telephone Exchange,yes,concrete
Building_136200501,368044339,node,Thayer Street Telephone Exchange,yes,concrete
Building_136200502,368044339,node,Thayer Street Telephone Exchange,yes,concrete
Building_136200505,368044339,node,Thayer Street Telephone Exchange,yes,concrete
Building_136275687,368044339,node,Thayer Street Telephone Exchange,yes,concrete
Building_136275688,368044339,node,Thayer Street Telephone Exchange,yes,concrete
Building_136275689,368044339,node,Thayer Street Telephone Exchange,yes,concrete
Building_1362880010,2767633758,node,Fine Fare,retail,concrete
Building_136305137,368044339,node,Thayer Street Telephone Exchange,yes,concrete
Building_136305141,368044339,node,Thayer Street Telephone Exchange,yes,concrete
Building_136308293,368044339,node,Thayer Street Telephone Exchange,yes,concrete
Building_136308295,368044339,node,Thayer Street Telephone Exchange,yes,concrete
Building_136308296,368044339,node,Thayer Street Telephone Exchange,yes,concrete
Building_136312584,2013022253,node,"Niclab Consulting Group, LLC",yes,concrete
Building_136312585,368044339,node,Thayer Street Telephone Exchange,yes,concrete
Building_136312587,2013022253,node,"Niclab Consulting Group, LLC",yes,concrete
Building_136312589,2013022253,node,"Niclab Consulting Group, LLC",yes,concrete
Building_136312591,2013022253,node,"Niclab Consulting Group, LLC",yes,concrete
Building_136312595,2013022253,node,"Niclab Consulting Group, LLC",yes,concrete
Building_136313985,2013022253,node,"Niclab Consulting Group, LLC",yes,concrete
Building_136313986,2013022253,node,"Niclab Consulting Group, LLC",yes,concrete
Building_136313987,2013022253,node,"Niclab Consulting Group, LLC",yes,concrete
Building_136313991,2013022253,node,"Niclab Consulting Group, LLC",yes,concrete
Building_136330919,10164025257,node,unnamed,yes,concrete
Building_136330920,368043415,node,McCarren Park Play Center,yes,concrete
Building_136330922,368043415,node,McCarren Park Play Center,yes,concrete
Building_136330924,10164025257,node,unnamed,yes,concrete
Building_136330925,10164025257,node,unnamed,yes,concrete
Building_136330926,10164025257,node,unnamed,yes,concrete
Building_136330927,10164025257,node,unnamed,yes,concrete
Building_136330930,10164025257,node,unnamed,yes,concrete
Building_136330931,10164025257,node,unnamed,yes,concrete
Building_136330932,10164025257,node,unnamed,yes,concrete
Building_136330934,10164025257,node,unnamed,yes,concrete
Building_136330935,11956502494,node,unnamed,yes,concrete
Building_136330936,11956502494,node,unnamed,yes,concrete
Building_136330937,11956502494,node,unnamed,yes,concrete
Building_136330938,10164025257,node,unnamed,yes,concrete
Building_136330942,10164025257,node,unnamed,yes,concrete
Building_136330945,10164025257,node,unnamed,yes,concrete
Building_136330946,10164025257,node,unnamed,yes,concrete
Building_136330947,10164025257,node,unnamed,yes,concrete
Building_136330998,10164025257,node,unnamed,yes,concrete
Building_136331003,10164025257,node,unnamed,yes,concrete
Building_136331005,10164025257,node,unnamed,yes,concrete
Building_136340691,368044016,node,Permanent Mission of Poland to the U.N.,yes,concrete
Building_136341487,368055570,node,Steinway Hall,yes,concrete
Building_136341488,368044016,node,Permanent Mission of Poland to the U.N.,yes,concrete
Building_136341489,368055570,node,Steinway Hall,yes,concrete
Building_136342051,7630577057,node,unnamed,parking,concrete
Building_136342053,368055570,node,Steinway Hall,yes,concrete
Building_136442240,3819470905,node,M&T Bank,commercial,glass curtain wall
Building_136442241,368051232,node,New York City Board of Higher Education Headquarters,public,concrete
Building_136601296,11956502494,node,unnamed,yes,concrete
Building_136601297,11956502494,node,unnamed,yes,concrete
Building_136601298,11956502494,node,unnamed,yes,concrete
Building_136601299,368062059,node,Greenpoint Home for the Aged,yes,concrete
Building_136601300,368062059,node,Greenpoint Home for the Aged,yes,concrete
Building_136601301,11956502494,node,unnamed,yes,concrete
Building_136601302,11956502494,node,unnamed,yes,concrete
Building_136601303,11956502494,node,unnamed,yes,concrete
Building_136601305,11956502494,node,unnamed,yes,concrete
Building_136601355,11956502494,node,unnamed,yes,concrete
Building_136601357,11956502494,node,unnamed,yes,concrete
Building_136604661,2767369945,node,The Cliffs at Harlem,yes,concrete
Building_136604662,12414899829,node,Lido,yes,concrete
Building_136604664,12414899829,node,Lido,yes,concrete
Building_136605785,2767369945,node,The Cliffs at Harlem,yes,concrete
Building_136605789,2767369945,node,The Cliffs at Harlem,yes,concrete
Building_136605790,2767369945,node,The Cliffs at Harlem,yes,concrete
Building_136605807,2767369945,node,The Cliffs at Harlem,yes,concrete
Building_136605809,2767369945,node,The Cliffs at Harlem,yes,concrete
Building_136607940,368043507,node,New York Structural Biology Center,yes,concrete
Building_136607941,2767369945,node,The Cliffs at Harlem,yes,concrete
Building_136607942,368043507,node,New York Structural Biology Center,yes,concrete
Building_136607943,368043507,node,New York Structural Biology Center,yes,concrete
Building_136607944,368043507,node,New York Structural Biology Center,yes,concrete
Building_136607945,368043507,node,New York Structural Biology Center,yes,concrete
Building_136607947,368043507,node,New York Structural Biology Center,yes,concrete
Building_136607952,3145838438,node,Corpus Christi School,school,concrete
Building_136608465,13746962700,node,West Harlem Church of Christ,church,concrete
Building_136608467,13746962700,node,West Harlem Church of Christ,church,concrete
Building_136615532,13746962700,node,West Harlem Church of Christ,church,concrete
Building_136615533,13746962700,node,West Harlem Church of Christ,church,concrete
Building_136615534,13746962700,node,West Harlem Church of Christ,church,concrete
Building_136615536,13746714387,node,City Tabernacle of Seventh-day Adventists,church,concrete
Building_136615537,13746714387,node,City Tabernacle of Seventh-day Adventists,church,concrete
Building_136615538,13746714387,node,City Tabernacle of Seventh-day Adventists,church,concrete
Building_136615539,13746962700,node,West Harlem Church of Christ,church,concrete
Building_136615541,13746962700,node,West Harlem Church of Christ,church,concrete
Building_136615542,13746962700,node,West Harlem Church of Christ,church,concrete
Building_136615543,13746714387,node,City Tabernacle of Seventh-day Adventists,church,concrete
Building_136615544,13746962700,node,West Harlem Church of Christ,church,concrete
Building_136618760,13746962700,node,West Harlem Church of Christ,church,concrete
Building_136618762,13746962700,node,West Harlem Church of Christ,church,concrete
Building_136618763,13746714387,node,City Tabernacle of Seventh-day Adventists,church,concrete
Building_136618765,13746962700,node,West Harlem Church of Christ,church,concrete
Building_136618766,13746962700,node,West Harlem Church of Christ,church,concrete
Building_136620476,13746714387,node,City Tabernacle of Seventh-day Adventists,church,concrete
Building_136620477,13746714387,node,City Tabernacle of Seventh-day Adventists,church,concrete
Building_136620478,13746714387,node,City Tabernacle of Seventh-day Adventists,church,concrete
Building_136620480,13746714387,node,City Tabernacle of Seventh-day Adventists,church,concrete
Building_136620482,13746714387,node,City Tabernacle of Seventh-day Adventists,church,concrete
Building_136620483,13746621748,node,International Ministry,church,concrete
Building_136620485,13746621748,node,International Ministry,church,concrete
Building_136620486,13746714387,node,City Tabernacle of Seventh-day Adventists,church,concrete
Building_136620487,13746621748,node,International Ministry,church,concrete
Building_136625338,368043520,node,Bard Haven Towers,yes,concrete
Building_136625341,368043520,node,Bard Haven Towers,yes,concrete
Building_136625345,368043520,node,Bard Haven Towers,yes,concrete
Building_136626213,13746621748,node,International Ministry,church,concrete
Building_136626214,13746621748,node,International Ministry,church,concrete
Building_136632851,6332361681,node,unnamed,yes,concrete
Building_136632854,368043520,node,Bard Haven Towers,yes,concrete
Building_136632861,6332361681,node,unnamed,yes,concrete
Building_136632863,13746621748,node,International Ministry,church,concrete
Building_136632864,6332361681,node,unnamed,yes,concrete
Building_136632866,6332361681,node,unnamed,yes,concrete
Building_136632867,368043520,node,Bard Haven Towers,yes,concrete
Building_136632869,13746621748,node,International Ministry,church,concrete
Building_136632870,368043520,node,Bard Haven Towers,yes,concrete
Building_136633806,2013022253,node,"Niclab Consulting Group, LLC",yes,concrete
Building_136633808,368043520,node,Bard Haven Towers,yes,concrete
Building_136633810,2013022253,node,"Niclab Consulting Group, LLC",yes,concrete
Building_136643127,2013022253,node,"Niclab Consulting Group, LLC",yes,concrete
Building_136643130,2013022253,node,"Niclab Consulting Group, LLC",yes,concrete
Building_136643134,2013022253,node,"Niclab Consulting Group, LLC",yes,concrete
Building_136647973,2013022253,node,"Niclab Consulting Group, LLC",yes,concrete
Building_136647974,2013022253,node,"Niclab Consulting Group, LLC",yes,concrete
Building_136647979,368043520,node,Bard Haven Towers,yes,concrete
Building_136647980,2013022253,node,"Niclab Consulting Group, LLC",yes,concrete
Building_136647982,368043520,node,Bard Haven Towers,yes,concrete
Building_136647983,2013022253,node,"Niclab Consulting Group, LLC",yes,concrete
Building_136647984,2013022253,node,"Niclab Consulting Group, LLC",yes,concrete
Building_136647985,2013022253,node,"Niclab Consulting Group, LLC",yes,concrete
Building_136647986,2013022253,node,"Niclab Consulting Group, LLC",yes,concrete
Building_136647987,368043520,node,Bard Haven Towers,yes,concrete
Building_136647988,368043520,node,Bard Haven Towers,yes,concrete
Building_136647989,368043520,node,Bard Haven Towers,yes,concrete
Building_136651675,368043520,node,Bard Haven Towers,yes,concrete
Building_136651678,368043520,node,Bard Haven Towers,yes,concrete
Building_136651680,13746621748,node,International Ministry,church,concrete
Building_136651687,368043520,node,Bard Haven Towers,yes,concrete
Building_136651688,368043520,node,Bard Haven Towers,yes,concrete
Building_136655344,13746714387,node,City Tabernacle of Seventh-day Adventists,church,concrete
Building_136655345,13746714387,node,City Tabernacle of Seventh-day Adventists,church,concrete
Building_136655346,13746714387,node,City Tabernacle of Seventh-day Adventists,church,concrete
Building_136655348,13746714387,node,City Tabernacle of Seventh-day Adventists,church,concrete
Building_136655351,13746714387,node,City Tabernacle of Seventh-day Adventists,church,concrete
Building_136655352,13746714387,node,City Tabernacle of Seventh-day Adventists,church,concrete
Building_1366626353,9153637271,node,unnamed,construction,concrete
Building_136860261,368044339,node,Thayer Street Telephone Exchange,yes,concrete
Building_136860263,368044339,node,Thayer Street Telephone Exchange,yes,concrete
Building_136860269,368044339,node,Thayer Street Telephone Exchange,yes,concrete
Building_136860271,368044339,node,Thayer Street Telephone Exchange,yes,concrete
Building_136860278,368044339,node,Thayer Street Telephone Exchange,yes,concrete
Building_136860284,368044339,node,Thayer Street Telephone Exchange,yes,concrete
Building_136860286,368044339,node,Thayer Street Telephone Exchange,yes,concrete
Building_136860288,368044339,node,Thayer Street Telephone Exchange,yes,concrete
Building_136860294,368044339,node,Thayer Street Telephone Exchange,yes,concrete
Building_136861150,368044339,node,Thayer Street Telephone Exchange,yes,concrete
Building_136861151,368044339,node,Thayer Street Telephone Exchange,yes,concrete
Building_136861155,368044339,node,Thayer Street Telephone Exchange,yes,concrete
Building_136861156,368044339,node,Thayer Street Telephone Exchange,yes,concrete
Building_136861157,368044339,node,Thayer Street Telephone Exchange,yes,concrete
Building_136861158,368044339,node,Thayer Street Telephone Exchange,yes,concrete
Building_136865458,368044339,node,Thayer Street Telephone Exchange,yes,concrete
Building_137011882,9446667728,node,Bloom 45,apartments,brick/concrete
Building_137012438,368051253,node,Public Theatre,public,concrete
Building_137017426,368052582,node,Founders Hall,yes,concrete
Building_137017428,2705817544,node,Scholar's Residence,residential,brick/concrete
Building_137017430,2705817544,node,Scholar's Residence,residential,brick/concrete
Building_137017433,2705817544,node,Scholar's Residence,residential,brick/concrete
Building_137017435,2705817544,node,Scholar's Residence,residential,brick/concrete
Building_137017437,368052723,node,John D Rockefeller Junior and David Rockefeller Research Building,yes,concrete
Building_137017439,368052723,node,John D Rockefeller Junior and David Rockefeller Research Building,yes,concrete
Building_137017440,368052582,node,Founders Hall,yes,concrete
Building_137017443,368052582,node,Founders Hall,yes,concrete
Building_137017445,368052582,node,Founders Hall,yes,concrete
Building_137017447,368052723,node,John D Rockefeller Junior and David Rockefeller Research Building,yes,concrete
Building_137017451,368052582,node,Founders Hall,yes,concrete
Building_137017454,368052734,node,Theobald Smith Hall,yes,concrete
Building_137027722,8651474151,node,1 Central Park,apartments,brick/concrete
Building_137027724,8651474151,node,1 Central Park,apartments,brick/concrete
Building_137027725,8651474151,node,1 Central Park,apartments,brick/concrete
Building_137027726,8941772980,node,Atlas Social Club,yes,concrete
Building_137027727,8651474151,node,1 Central Park,apartments,brick/concrete
Building_137027728,8941772980,node,Atlas Social Club,yes,concrete
Building_137027729,8941772980,node,Atlas Social Club,yes,concrete
Building_137027730,8651474151,node,1 Central Park,apartments,brick/concrete
Building_137027731,8651474151,node,1 Central Park,apartments,brick/concrete
Building_137027733,8651474151,node,1 Central Park,apartments,brick/concrete
Building_137027734,8651474151,node,1 Central Park,apartments,brick/concrete
Building_137027735,8651474151,node,1 Central Park,apartments,brick/concrete
Building_137027736,8651474151,node,1 Central Park,apartments,brick/concrete
Building_137027737,8941772980,node,Atlas Social Club,yes,concrete
Building_137027738,8651474151,node,1 Central Park,apartments,brick/concrete
Building_137027741,8651474151,node,1 Central Park,apartments,brick/concrete
Building_137027743,8651474151,node,1 Central Park,apartments,brick/concrete
Building_137028810,11502442178,node,The Robert W. Wilson MCC Theater Space,yes,concrete
Building_137028812,11502442178,node,The Robert W. Wilson MCC Theater Space,yes,concrete
Building_137029318,368043412,node,Saint Paul's Center,yes,concrete
Building_137040675,10287737738,node,unnamed,yes,concrete
Building_137040677,368043412,node,Saint Paul's Center,yes,concrete
Building_137040679,368043412,node,Saint Paul's Center,yes,concrete
Building_137040684,368043412,node,Saint Paul's Center,yes,concrete
Building_137040688,368043412,node,Saint Paul's Center,yes,concrete
Building_137040689,368043412,node,Saint Paul's Center,yes,concrete
Building_137040730,368043412,node,Saint Paul's Center,yes,concrete
Building_137040734,368043412,node,Saint Paul's Center,yes,concrete
Building_1371189526,368055863,node,Phipps Plaza,yes,concrete
Building_137144555,9446667728,node,Bloom 45,apartments,brick/concrete
Building_137144557,9446667728,node,Bloom 45,apartments,brick/concrete
Building_137144558,9446667728,node,Bloom 45,apartments,brick/concrete
Building_137144562,9446667728,node,Bloom 45,apartments,brick/concrete
Building_137144564,9446667728,node,Bloom 45,apartments,brick/concrete
Building_137144565,9446667728,node,Bloom 45,apartments,brick/concrete
Building_137144567,9446667728,node,Bloom 45,apartments,brick/concrete
Building_137144569,9446667728,node,Bloom 45,apartments,brick/concrete
Building_137144571,9446667728,node,Bloom 45,apartments,brick/concrete
Building_137144576,9446667728,node,Bloom 45,apartments,brick/concrete
Building_137144578,9446667728,node,Bloom 45,apartments,brick/concrete
Building_137144580,9446667728,node,Bloom 45,apartments,brick/concrete
Building_137144582,9446667728,node,Bloom 45,apartments,brick/concrete
Building_137144583,9446667728,node,Bloom 45,apartments,brick/concrete
Building_137144584,9446667728,node,Bloom 45,apartments,brick/concrete
Building_137144585,9446667728,node,Bloom 45,apartments,brick/concrete
Building_137144586,9446667728,node,Bloom 45,apartments,brick/concrete
Building_137144588,9446667728,node,Bloom 45,apartments,brick/concrete
Building_137144589,9446667728,node,Bloom 45,apartments,brick/concrete
Building_137144590,9446667728,node,Bloom 45,apartments,brick/concrete
Building_137144591,9446667728,node,Bloom 45,apartments,brick/concrete
Building_137144592,9446667728,node,Bloom 45,apartments,brick/concrete
Building_137144593,9446667728,node,Bloom 45,apartments,brick/concrete
Building_137145300,9446667728,node,Bloom 45,apartments,brick/concrete
Building_137145303,9446667728,node,Bloom 45,apartments,brick/concrete
Building_137147874,6231307186,node,Monroe Market,commercial,glass curtain wall
Building_137147875,6231307186,node,Monroe Market,commercial,glass curtain wall
Building_137147878,6231307186,node,Monroe Market,commercial,glass curtain wall
Building_137147879,6231307186,node,Monroe Market,commercial,glass curtain wall
Building_137147882,6231307186,node,Monroe Market,commercial,glass curtain wall
Building_137147883,6231307186,node,Monroe Market,commercial,glass curtain wall
Building_137148786,6231307186,node,Monroe Market,commercial,glass curtain wall
Building_137148787,6231307186,node,Monroe Market,commercial,glass curtain wall
Building_137148789,6231307186,node,Monroe Market,commercial,glass curtain wall
Building_137151151,368043380,node,Hamilton Fish Park Play Center,yes,concrete
Building_137151152,368043380,node,Hamilton Fish Park Play Center,yes,concrete
Building_137151154,368043380,node,Hamilton Fish Park Play Center,yes,concrete
Building_137151155,368043380,node,Hamilton Fish Park Play Center,yes,concrete
Building_137151156,368043380,node,Hamilton Fish Park Play Center,yes,concrete
Building_137151157,368043380,node,Hamilton Fish Park Play Center,yes,concrete
Building_137151158,368043380,node,Hamilton Fish Park Play Center,yes,concrete
Building_137151161,368043380,node,Hamilton Fish Park Play Center,yes,concrete
Building_137151162,368043380,node,Hamilton Fish Park Play Center,yes,concrete
Building_137151163,368043380,node,Hamilton Fish Park Play Center,yes,concrete
Building_137151165,368043380,node,Hamilton Fish Park Play Center,yes,concrete
Building_137151166,368043380,node,Hamilton Fish Park Play Center,yes,concrete
Building_137151168,368043380,node,Hamilton Fish Park Play Center,yes,concrete
Building_137151169,368043380,node,Hamilton Fish Park Play Center,yes,concrete
Building_137151170,4758938134,node,Building 9,yes,concrete
Building_137151171,368043380,node,Hamilton Fish Park Play Center,yes,concrete
Building_137151173,4758938134,node,Building 9,yes,concrete
Building_137151174,368043380,node,Hamilton Fish Park Play Center,yes,concrete
Building_137151175,368043380,node,Hamilton Fish Park Play Center,yes,concrete
Building_137151176,368043380,node,Hamilton Fish Park Play Center,yes,concrete
Building_137152219,9153637271,node,unnamed,construction,concrete
Building_137152220,9153637271,node,unnamed,construction,concrete
Building_137152223,9153637271,node,unnamed,construction,concrete
Building_137152224,9153637271,node,unnamed,construction,concrete
Building_137878671,2767369945,node,The Cliffs at Harlem,yes,concrete
Building_137878715,2767369945,node,The Cliffs at Harlem,yes,concrete
Building_137878717,2767369945,node,The Cliffs at Harlem,yes,concrete
Building_137975127,3819470905,node,M&T Bank,commercial,glass curtain wall
Building_137975128,3819470905,node,M&T Bank,commercial,glass curtain wall
Building_137975129,2767369945,node,The Cliffs at Harlem,yes,concrete
Building_137975131,12414899829,node,Lido,yes,concrete
Building_137975132,2767369945,node,The Cliffs at Harlem,yes,concrete
Building_137975133,2767369945,node,The Cliffs at Harlem,yes,concrete
Building_137975134,12414899829,node,Lido,yes,concrete
Building_137975135,12414899829,node,Lido,yes,concrete
Building_137975136,12414899829,node,Lido,yes,concrete
Building_137975137,12414899829,node,Lido,yes,concrete
Building_137983073,3819470905,node,M&T Bank,commercial,glass curtain wall
Building_137983075,3819470905,node,M&T Bank,commercial,glass curtain wall
Building_137983078,3819470905,node,M&T Bank,commercial,glass curtain wall
Building_137983081,3819470905,node,M&T Bank,commercial,glass curtain wall
Building_137983082,12414899829,node,Lido,yes,concrete
Building_137983085,3819470905,node,M&T Bank,commercial,glass curtain wall
Building_137983087,3819470905,node,M&T Bank,commercial,glass curtain wall
Building_137983089,3819470905,node,M&T Bank,commercial,glass curtain wall
Building_137983092,12414899829,node,Lido,yes,concrete
Building_137983096,3819470905,node,M&T Bank,commercial,glass curtain wall
Building_137983100,3819470905,node,M&T Bank,commercial,glass curtain wall
Building_137983102,3819470905,node,M&T Bank,commercial,glass curtain wall
Building_137983104,3143934834,node,The Caedmon School,school,concrete
Building_137983210,3819470905,node,M&T Bank,commercial,glass curtain wall
Building_137983213,3819470905,node,M&T Bank,commercial,glass curtain wall
Building_137992302,3819470905,node,M&T Bank,commercial,glass curtain wall
Building_137992303,3819470905,node,M&T Bank,commercial,glass curtain wall
Building_137992304,368051232,node,New York City Board of Higher Education Headquarters,public,concrete
Building_137992306,3143934834,node,The Caedmon School,school,concrete
Building_137992313,6816303732,node,Belmont Garage,garage,concrete
Building_137992362,6816303732,node,Belmont Garage,garage,concrete
Building_137995628,2767369945,node,The Cliffs at Harlem,yes,concrete
Building_137995630,2767369945,node,The Cliffs at Harlem,yes,concrete
Building_137995633,3819470905,node,M&T Bank,commercial,glass curtain wall
Building_137995635,3819470905,node,M&T Bank,commercial,glass curtain wall
Building_137995642,3819470905,node,M&T Bank,commercial,glass curtain wall
Building_137995644,3819470905,node,M&T Bank,commercial,glass curtain wall
Building_138157368,10287737738,node,unnamed,yes,concrete
Building_138157371,10287737738,node,unnamed,yes,concrete
Building_138157375,368043412,node,Saint Paul's Center,yes,concrete
Building_138164880,368043412,node,Saint Paul's Center,yes,concrete
Building_138164881,368043412,node,Saint Paul's Center,yes,concrete
Building_138164882,368043412,node,Saint Paul's Center,yes,concrete
Building_138164883,368043412,node,Saint Paul's Center,yes,concrete
Building_138164884,368043412,node,Saint Paul's Center,yes,concrete
Building_138164885,368043412,node,Saint Paul's Center,yes,concrete
Building_13858373,368042699,node,C V Starr Pavillion,yes,concrete
Building_13863631,3382957013,node,unnamed,house,brick/concrete
Building_13863738,368051214,node,Fiftyfourth Street Public Bath and Gymnasium,public,concrete
Building_13864058,368052723,node,John D Rockefeller Junior and David Rockefeller Research Building,yes,concrete
Building_13864148,2705817544,node,Scholar's Residence,residential,brick/concrete
Building_13864467,368052582,node,Founders Hall,yes,concrete
Building_13864474,368052727,node,Plaza Building,yes,concrete
Building_13864475,368052666,node,Kips Bay Building,yes,concrete
Building_1386618897,368043415,node,McCarren Park Play Center,yes,concrete
Building_1388870065,368043179,node,Castilian Towers,yes,concrete
Building_138996684,10287737738,node,unnamed,yes,concrete
Building_138996685,10287737738,node,unnamed,yes,concrete
Building_138996686,10287737738,node,unnamed,yes,concrete
Building_138996687,10287737738,node,unnamed,yes,concrete
Building_138996688,10287737738,node,unnamed,yes,concrete
Building_138996834,10287737738,node,unnamed,yes,concrete
Building_139269852,3819470905,node,M&T Bank,commercial,glass curtain wall
Building_139269853,4231923696,node,Sylvia's Restaurant,yes,concrete
Building_139269854,4231923696,node,Sylvia's Restaurant,yes,concrete
Building_139269917,3819470905,node,M&T Bank,commercial,glass curtain wall
Building_139269919,3819470905,node,M&T Bank,commercial,glass curtain wall
Building_139285980,8699111837,node,unnamed,yes,concrete
Building_139285981,8699111837,node,unnamed,yes,concrete
Building_139285982,8699111837,node,unnamed,yes,concrete
Building_139285983,8699111837,node,unnamed,yes,concrete
Building_139308028,9153637261,node,unnamed,construction,concrete
Building_139308031,9153637261,node,unnamed,construction,concrete
Building_139308032,9153637261,node,unnamed,construction,concrete
Building_139308033,9153637261,node,unnamed,construction,concrete
Building_139308035,9153637261,node,unnamed,construction,concrete
Building_139485554,368043179,node,Castilian Towers,yes,concrete
Building_139486341,158860981,node,Plaza de los Angeles,apartments,brick/concrete
Building_139486347,158860981,node,Plaza de los Angeles,apartments,brick/concrete
Building_13988443,368055679,node,The Red House,yes,concrete
Building_13988468,368055679,node,The Red House,yes,concrete
Building_13988679,368055679,node,The Red House,yes,concrete
Building_13989043,368055679,node,The Red House,yes,concrete
Building_13989074,368055679,node,The Red House,yes,concrete
Building_13989400,368055679,node,The Red House,yes,concrete
Building_13989501,368055679,node,The Red House,yes,concrete
Building_14019593,368055679,node,The Red House,yes,concrete
Building_14019614,368055679,node,The Red House,yes,concrete
Building_14021989,3145838438,node,Corpus Christi School,school,concrete
Building_140233528,11956502494,node,unnamed,yes,concrete
Building_140358944,11956502494,node,unnamed,yes,concrete
Building_1410122089,3382957013,node,unnamed,house,brick/concrete
Building_1410122090,5133630723,node,Sheffield Mansion (The Nanny),yes,concrete
Building_1410122091,5133630723,node,Sheffield Mansion (The Nanny),yes,concrete
Building_1410529027,9153637261,node,unnamed,construction,concrete
Building_1410529028,9153637261,node,unnamed,construction,concrete
Building_1410529029,9153637261,node,unnamed,construction,concrete
Building_1412327590,368043238,node,Inwood Hill Park Ecology Center,yes,concrete
Building_141330779,368055713,node,Christodora House,yes,concrete
Building_141330781,9153637271,node,unnamed,construction,concrete
Building_141699674,6332361681,node,unnamed,yes,concrete
Building_1419723427,368043238,node,Inwood Hill Park Ecology Center,yes,concrete
Building_1419723428,368043238,node,Inwood Hill Park Ecology Center,yes,concrete
Building_1419723429,368043238,node,Inwood Hill Park Ecology Center,yes,concrete
Building_1419723430,368043238,node,Inwood Hill Park Ecology Center,yes,concrete
Building_1419723431,368043238,node,Inwood Hill Park Ecology Center,yes,concrete
Building_1419723432,368043238,node,Inwood Hill Park Ecology Center,yes,concrete
Building_1419723433,368043238,node,Inwood Hill Park Ecology Center,yes,concrete
Building_1419723434,368043238,node,Inwood Hill Park Ecology Center,yes,concrete
Building_1419723435,368043238,node,Inwood Hill Park Ecology Center,yes,concrete
Building_1419723436,368043238,node,Inwood Hill Park Ecology Center,yes,concrete
Building_1419723437,368043238,node,Inwood Hill Park Ecology Center,yes,concrete
Building_1419723438,368043238,node,Inwood Hill Park Ecology Center,yes,concrete
Building_1419723439,368043238,node,Inwood Hill Park Ecology Center,yes,concrete
Building_1419723440,368043238,node,Inwood Hill Park Ecology Center,yes,concrete
Building_1419723441,368043238,node,Inwood Hill Park Ecology Center,yes,concrete
Building_1419723442,368043238,node,Inwood Hill Park Ecology Center,yes,concrete
Building_1419723443,368043238,node,Inwood Hill Park Ecology Center,yes,concrete
Building_1419723444,368043017,node,Catholic Orphan Asylum,yes,concrete
Building_1419723445,368043017,node,Catholic Orphan Asylum,yes,concrete
Building_1419723446,368043017,node,Catholic Orphan Asylum,yes,concrete
Building_1419723447,368043238,node,Inwood Hill Park Ecology Center,yes,concrete
Building_1419723448,368043017,node,Catholic Orphan Asylum,yes,concrete
Building_1419723449,368043238,node,Inwood Hill Park Ecology Center,yes,concrete
Building_1419723450,368043238,node,Inwood Hill Park Ecology Center,yes,concrete
Building_1419723451,368043238,node,Inwood Hill Park Ecology Center,yes,concrete
Building_1419723452,368043238,node,Inwood Hill Park Ecology Center,yes,concrete
Building_1419723453,368043238,node,Inwood Hill Park Ecology Center,yes,concrete
Building_1419723454,368043238,node,Inwood Hill Park Ecology Center,yes,concrete
Building_1419723455,368043238,node,Inwood Hill Park Ecology Center,yes,concrete
Building_1419723456,368043238,node,Inwood Hill Park Ecology Center,yes,concrete
Building_1419723457,368043238,node,Inwood Hill Park Ecology Center,yes,concrete
Building_1419723458,368043238,node,Inwood Hill Park Ecology Center,yes,concrete
Building_1419723459,368043238,node,Inwood Hill Park Ecology Center,yes,concrete
Building_1419723460,368043238,node,Inwood Hill Park Ecology Center,yes,concrete
Building_1419723468,368043238,node,Inwood Hill Park Ecology Center,yes,concrete
Building_1419723469,368043238,node,Inwood Hill Park Ecology Center,yes,concrete
Building_1419723470,368043238,node,Inwood Hill Park Ecology Center,yes,concrete
Building_1419723471,368043238,node,Inwood Hill Park Ecology Center,yes,concrete
Building_1419723472,368043238,node,Inwood Hill Park Ecology Center,yes,concrete
Building_1419723473,368043017,node,Catholic Orphan Asylum,yes,concrete
Building_1419723474,368043017,node,Catholic Orphan Asylum,yes,concrete
Building_1419723475,368043238,node,Inwood Hill Park Ecology Center,yes,concrete
Building_1419723476,368043238,node,Inwood Hill Park Ecology Center,yes,concrete
Building_1419723477,368043238,node,Inwood Hill Park Ecology Center,yes,concrete
Building_1419723478,368043238,node,Inwood Hill Park Ecology Center,yes,concrete
Building_1419723479,368043238,node,Inwood Hill Park Ecology Center,yes,concrete
Building_1419723480,368043238,node,Inwood Hill Park Ecology Center,yes,concrete
Building_1419723481,368043238,node,Inwood Hill Park Ecology Center,yes,concrete
Building_1419723482,368043238,node,Inwood Hill Park Ecology Center,yes,concrete
Building_1419723483,368043238,node,Inwood Hill Park Ecology Center,yes,concrete
Building_1419723484,368043238,node,Inwood Hill Park Ecology Center,yes,concrete
Building_1419723485,368043238,node,Inwood Hill Park Ecology Center,yes,concrete
Building_1419723486,368043238,node,Inwood Hill Park Ecology Center,yes,concrete
Building_1419723487,368043238,node,Inwood Hill Park Ecology Center,yes,concrete
Building_1419723488,368043238,node,Inwood Hill Park Ecology Center,yes,concrete
Building_1419723489,368043238,node,Inwood Hill Park Ecology Center,yes,concrete
Building_1419723490,368043238,node,Inwood Hill Park Ecology Center,yes,concrete
Building_1419723491,368043238,node,Inwood Hill Park Ecology Center,yes,concrete
Building_1419723492,368043238,node,Inwood Hill Park Ecology Center,yes,concrete
Building_1419723493,368043238,node,Inwood Hill Park Ecology Center,yes,concrete
Building_1419723494,368043238,node,Inwood Hill Park Ecology Center,yes,concrete
Building_1421972116,368043017,node,Catholic Orphan Asylum,yes,concrete
Building_1421973108,368043017,node,Catholic Orphan Asylum,yes,concrete
Building_1428138683,4231923696,node,Sylvia's Restaurant,yes,concrete
Building_1429763147,368055713,node,Christodora House,yes,concrete
Building_143413263,12770983688,node,unnamed,yes,concrete
Building_143413264,12770983688,node,unnamed,yes,concrete
Building_143413266,12770983688,node,unnamed,yes,concrete
Building_143413268,12770983688,node,unnamed,yes,concrete
Building_143413271,12770983688,node,unnamed,yes,concrete
Building_143413412,12770983688,node,unnamed,yes,concrete
Building_143413414,12770983688,node,unnamed,yes,concrete
Building_143413418,12770983688,node,unnamed,yes,concrete
Building_143413420,12770983688,node,unnamed,yes,concrete
Building_143413426,12770983688,node,unnamed,yes,concrete
Building_143413428,12770983688,node,unnamed,yes,concrete
Building_143413432,12770983688,node,unnamed,yes,concrete
Building_143413435,12770983688,node,unnamed,yes,concrete
Building_143413442,12770983688,node,unnamed,yes,concrete
Building_143469255,368043412,node,Saint Paul's Center,yes,concrete
Building_143469258,368043412,node,Saint Paul's Center,yes,concrete
Building_144217585,13746734354,node,Iglesia Resplandor de Gloria,church,concrete
Building_144217587,6332361681,node,unnamed,yes,concrete
Building_144217588,13746621748,node,International Ministry,church,concrete
Building_144217593,6332361681,node,unnamed,yes,concrete
Building_144217596,6332361681,node,unnamed,yes,concrete
Building_144217599,13746621748,node,International Ministry,church,concrete
Building_144217600,13746621748,node,International Ministry,church,concrete
Building_144217603,13746621748,node,International Ministry,church,concrete
Building_144217607,13746621748,node,International Ministry,church,concrete
Building_144217610,13746621748,node,International Ministry,church,concrete
Building_144217616,13746621748,node,International Ministry,church,concrete
Building_144217617,13746621748,node,International Ministry,church,concrete
Building_144217623,13746621748,node,International Ministry,church,concrete
Building_144217624,13746621748,node,International Ministry,church,concrete
Building_144223433,368043507,node,New York Structural Biology Center,yes,concrete
Building_144223434,158877293,node,Hamilton Houses,apartments,brick/concrete
Building_144223435,13746621748,node,International Ministry,church,concrete
Building_144223436,368043507,node,New York Structural Biology Center,yes,concrete
Building_144223437,13746621748,node,International Ministry,church,concrete
Building_144223438,368043507,node,New York Structural Biology Center,yes,concrete
Building_144223440,13746621748,node,International Ministry,church,concrete
Building_144223441,158877293,node,Hamilton Houses,apartments,brick/concrete
Building_144223442,2767369945,node,The Cliffs at Harlem,yes,concrete
Building_144223443,158877293,node,Hamilton Houses,apartments,brick/concrete
Building_144223444,13746621748,node,International Ministry,church,concrete
Building_144223445,13746621748,node,International Ministry,church,concrete
Building_144223446,158877293,node,Hamilton Houses,apartments,brick/concrete
Building_144223447,2767369945,node,The Cliffs at Harlem,yes,concrete
Building_144223450,2767369945,node,The Cliffs at Harlem,yes,concrete
Building_144223693,158877293,node,Hamilton Houses,apartments,brick/concrete
Building_144223698,13746621748,node,International Ministry,church,concrete
Building_1443811413,368043520,node,Bard Haven Towers,yes,concrete
Building_1445888350,368043520,node,Bard Haven Towers,yes,concrete
Building_1448084887,368043520,node,Bard Haven Towers,yes,concrete
Building_1448084888,368043520,node,Bard Haven Towers,yes,concrete
Building_1448155285,13746714387,node,City Tabernacle of Seventh-day Adventists,church,concrete
Building_1448155286,13746714387,node,City Tabernacle of Seventh-day Adventists,church,concrete
Building_1448155287,13746714387,node,City Tabernacle of Seventh-day Adventists,church,concrete
Building_1448155288,13746714387,node,City Tabernacle of Seventh-day Adventists,church,concrete
Building_1448155289,13746714387,node,City Tabernacle of Seventh-day Adventists,church,concrete
Building_1448317185,368043520,node,Bard Haven Towers,yes,concrete
Building_1448317186,368043520,node,Bard Haven Towers,yes,concrete
Building_145160315,368043722,node,The Factory,yes,concrete
Building_145160316,368043722,node,The Factory,yes,concrete
Building_145160318,368043722,node,The Factory,yes,concrete
Building_145160320,368043006,node,Cross Chambers,yes,concrete
Building_145162481,368051263,node,Unification Church Headquarters,public,concrete
Building_145162482,8711082537,node,unnamed,apartments,brick/concrete
Building_145162483,368043722,node,The Factory,yes,concrete
Building_145162487,368051263,node,Unification Church Headquarters,public,concrete
Building_145162489,368043722,node,The Factory,yes,concrete
Building_145162499,368051263,node,Unification Church Headquarters,public,concrete
Building_145162500,8711082537,node,unnamed,apartments,brick/concrete
Building_145162501,10166042624,node,Consulate General of Poland,yes,concrete
Building_145168160,8711082537,node,unnamed,apartments,brick/concrete
Building_145168161,8711082537,node,unnamed,apartments,brick/concrete
Building_145168165,368053319,node,Lexington Building,yes,concrete
Building_145168168,8711082537,node,unnamed,apartments,brick/concrete
Building_145168171,368055863,node,Phipps Plaza,yes,concrete
Building_145168172,8711082537,node,unnamed,apartments,brick/concrete
Building_145168174,8711082537,node,unnamed,apartments,brick/concrete
Building_145169065,8711082537,node,unnamed,apartments,brick/concrete
Building_1455810447,10164025257,node,unnamed,yes,concrete
Building_1458479811,368044339,node,Thayer Street Telephone Exchange,yes,concrete
Building_1458479812,368044339,node,Thayer Street Telephone Exchange,yes,concrete
Building_1458479813,368044339,node,Thayer Street Telephone Exchange,yes,concrete
Building_1458479814,368044339,node,Thayer Street Telephone Exchange,yes,concrete
Building_1458479815,368044339,node,Thayer Street Telephone Exchange,yes,concrete
Building_146196547,4231923696,node,Sylvia's Restaurant,yes,concrete
Building_146196548,2767633758,node,Fine Fare,retail,concrete
Building_146196549,2767633758,node,Fine Fare,retail,concrete
Building_146196551,2767633758,node,Fine Fare,retail,concrete
Building_146196553,2767633758,node,Fine Fare,retail,concrete
Building_146196554,4231923696,node,Sylvia's Restaurant,yes,concrete
Building_146196555,4231923696,node,Sylvia's Restaurant,yes,concrete
Building_146196556,2767633758,node,Fine Fare,retail,concrete
Building_146202984,2767633758,node,Fine Fare,retail,concrete
Building_146204615,4231923696,node,Sylvia's Restaurant,yes,concrete
Building_146205315,2767633758,node,Fine Fare,retail,concrete
Building_146351814,2767633758,node,Fine Fare,retail,concrete
Building_146351824,4231923696,node,Sylvia's Restaurant,yes,concrete
Building_146351826,3819470905,node,M&T Bank,commercial,glass curtain wall
Building_146351830,4231923696,node,Sylvia's Restaurant,yes,concrete
Building_146351832,4231923696,node,Sylvia's Restaurant,yes,concrete
Building_146351834,4231923696,node,Sylvia's Restaurant,yes,concrete
Building_146352467,4204715198,node,unnamed,mosque,concrete
Building_146352469,4204715198,node,unnamed,mosque,concrete
Building_146355865,3819470905,node,M&T Bank,commercial,glass curtain wall
Building_146355866,3819470905,node,M&T Bank,commercial,glass curtain wall
Building_146355867,3819470905,node,M&T Bank,commercial,glass curtain wall
Building_146356316,2767633758,node,Fine Fare,retail,concrete
Building_146356318,2767633758,node,Fine Fare,retail,concrete
Building_146357406,3819470905,node,M&T Bank,commercial,glass curtain wall
Building_1466090066,368044339,node,Thayer Street Telephone Exchange,yes,concrete
Building_146623234,4231923696,node,Sylvia's Restaurant,yes,concrete
Building_146623235,4231923696,node,Sylvia's Restaurant,yes,concrete
Building_146623244,4231923696,node,Sylvia's Restaurant,yes,concrete
Building_146626433,3819470905,node,M&T Bank,commercial,glass curtain wall
Building_146626434,3819470905,node,M&T Bank,commercial,glass curtain wall
Building_146626435,3819470905,node,M&T Bank,commercial,glass curtain wall
Building_146626436,3819470905,node,M&T Bank,commercial,glass curtain wall
Building_146626437,3819470905,node,M&T Bank,commercial,glass curtain wall
Building_146626438,3819470905,node,M&T Bank,commercial,glass curtain wall
Building_146626439,3819470905,node,M&T Bank,commercial,glass curtain wall
Building_146626441,3819470905,node,M&T Bank,commercial,glass curtain wall
Building_146626442,3819470905,node,M&T Bank,commercial,glass curtain wall
Building_146626443,3819470905,node,M&T Bank,commercial,glass curtain wall
Building_1466828397,368055713,node,Christodora House,yes,concrete
Building_1471800265,158860981,node,Plaza de los Angeles,apartments,brick/concrete
Building_147318771,368054201,node,Harvey Building,yes,concrete
Building_147318776,368054201,node,Harvey Building,yes,concrete
Building_147318782,368054201,node,Harvey Building,yes,concrete
Building_147318790,368054201,node,Harvey Building,yes,concrete
Building_147318793,368054201,node,Harvey Building,yes,concrete
Building_147318800,368054201,node,Harvey Building,yes,concrete
Building_147318805,368054201,node,Harvey Building,yes,concrete
Building_147318813,368054201,node,Harvey Building,yes,concrete
Building_147318816,368054201,node,Harvey Building,yes,concrete
Building_147456496,368043992,node,Union Club of New York,yes,concrete
Building_147456503,7241143782,node,Chipotle,yes,concrete
Building_147456505,7241143782,node,Chipotle,yes,concrete
Building_147456506,368043992,node,Union Club of New York,yes,concrete
Building_147456510,368051214,node,Fiftyfourth Street Public Bath and Gymnasium,public,concrete
Building_147456514,7241143782,node,Chipotle,yes,concrete
Building_147456517,7241143782,node,Chipotle,yes,concrete
Building_147456518,2705817244,node,Faculty House,residential,brick/concrete
Building_147456520,7241143782,node,Chipotle,yes,concrete
Building_147456522,7241143782,node,Chipotle,yes,concrete
Building_147456527,3382957013,node,unnamed,house,brick/concrete
Building_147456528,3382957013,node,unnamed,house,brick/concrete
Building_147456529,7241143782,node,Chipotle,yes,concrete
Building_147456533,7241143782,node,Chipotle,yes,concrete
Building_147456534,7241143782,node,Chipotle,yes,concrete
Building_147456536,368051214,node,Fiftyfourth Street Public Bath and Gymnasium,public,concrete
Building_1474752406,2767633758,node,Fine Fare,retail,concrete
Building_147487949,3843628369,node,UN Halal,no,concrete
Building_147487954,3843628369,node,UN Halal,no,concrete
Building_147487957,3843628369,node,UN Halal,no,concrete
Building_147487959,3843628369,node,UN Halal,no,concrete
Building_147487964,3843628369,node,UN Halal,no,concrete
Building_147487969,3843628369,node,UN Halal,no,concrete
Building_147487971,368055536,node,Salvation Army Building,yes,concrete
Building_147487979,368055536,node,Salvation Army Building,yes,concrete
Building_147487983,368051214,node,Fiftyfourth Street Public Bath and Gymnasium,public,concrete
Building_147487987,368051214,node,Fiftyfourth Street Public Bath and Gymnasium,public,concrete
Building_147487988,368051214,node,Fiftyfourth Street Public Bath and Gymnasium,public,concrete
Building_147487996,368051214,node,Fiftyfourth Street Public Bath and Gymnasium,public,concrete
Building_147488006,3843628369,node,UN Halal,no,concrete
Building_147488007,3843628369,node,UN Halal,no,concrete
Building_147488010,3843628369,node,UN Halal,no,concrete
Building_147488012,3843628369,node,UN Halal,no,concrete
Building_147488013,368051214,node,Fiftyfourth Street Public Bath and Gymnasium,public,concrete
Building_147488014,368055536,node,Salvation Army Building,yes,concrete
Building_147549434,2767633758,node,Fine Fare,retail,concrete
Building_147549435,2767633758,node,Fine Fare,retail,concrete
Building_147549436,2767633758,node,Fine Fare,retail,concrete
Building_147549437,2767633758,node,Fine Fare,retail,concrete
Building_147549438,2767633758,node,Fine Fare,retail,concrete
Building_147549439,2767633758,node,Fine Fare,retail,concrete
Building_147549440,2767633758,node,Fine Fare,retail,concrete
Building_147549442,2767633758,node,Fine Fare,retail,concrete
Building_147549443,2767633758,node,Fine Fare,retail,concrete
Building_147549444,2767633758,node,Fine Fare,retail,concrete
Building_147549445,2767633758,node,Fine Fare,retail,concrete
Building_147549446,2767633758,node,Fine Fare,retail,concrete
Building_147549447,2767633758,node,Fine Fare,retail,concrete
Building_147549448,2767633758,node,Fine Fare,retail,concrete
Building_147549450,2767633758,node,Fine Fare,retail,concrete
Building_1476229095,368044001,node,Spanish Institute,yes,concrete
Building_147984433,2767633758,node,Fine Fare,retail,concrete
Building_147984438,2767633758,node,Fine Fare,retail,concrete
Building_147984440,2767633758,node,Fine Fare,retail,concrete
Building_147984444,2767633758,node,Fine Fare,retail,concrete
Building_147984445,2767633758,node,Fine Fare,retail,concrete
Building_147984446,2767633758,node,Fine Fare,retail,concrete
Building_147984448,2767633758,node,Fine Fare,retail,concrete
Building_147984450,2767633758,node,Fine Fare,retail,concrete
Building_147985064,2767633758,node,Fine Fare,retail,concrete
Building_147985065,2767633758,node,Fine Fare,retail,concrete
Building_147985066,2767633758,node,Fine Fare,retail,concrete
Building_147987667,2767633758,node,Fine Fare,retail,concrete
Building_147987668,2767633758,node,Fine Fare,retail,concrete
Building_147987669,4231923696,node,Sylvia's Restaurant,yes,concrete
Building_147987916,4204715198,node,unnamed,mosque,concrete
Building_147987917,4204715198,node,unnamed,mosque,concrete
Building_147987918,4204715198,node,unnamed,mosque,concrete
Building_147988685,12770983688,node,unnamed,yes,concrete
Building_148053314,10780125943,node,unnamed,yes,concrete
Building_148215548,368043415,node,McCarren Park Play Center,yes,concrete
Building_148215549,368043415,node,McCarren Park Play Center,yes,concrete
Building_148215550,10164025257,node,unnamed,yes,concrete
Building_148215552,368043415,node,McCarren Park Play Center,yes,concrete
Building_148215558,368043412,node,Saint Paul's Center,yes,concrete
Building_148215560,368043412,node,Saint Paul's Center,yes,concrete
Building_148215561,368043412,node,Saint Paul's Center,yes,concrete
Building_148215562,368043412,node,Saint Paul's Center,yes,concrete
Building_148215563,368043415,node,McCarren Park Play Center,yes,concrete
Building_148215564,368043415,node,McCarren Park Play Center,yes,concrete
Building_148215565,368043415,node,McCarren Park Play Center,yes,concrete
Building_148215566,368043412,node,Saint Paul's Center,yes,concrete
Building_148215567,368043415,node,McCarren Park Play Center,yes,concrete
Building_148215568,368043412,node,Saint Paul's Center,yes,concrete
Building_148215571,368043415,node,McCarren Park Play Center,yes,concrete
Building_148247738,158860981,node,Plaza de los Angeles,apartments,brick/concrete
Building_148247745,158860981,node,Plaza de los Angeles,apartments,brick/concrete
Building_148247755,158860981,node,Plaza de los Angeles,apartments,brick/concrete
Building_148247759,158860981,node,Plaza de los Angeles,apartments,brick/concrete
Building_148247762,158860981,node,Plaza de los Angeles,apartments,brick/concrete
Building_148247775,158860981,node,Plaza de los Angeles,apartments,brick/concrete
Building_148247800,158860981,node,Plaza de los Angeles,apartments,brick/concrete
Building_148247805,158860981,node,Plaza de los Angeles,apartments,brick/concrete
Building_148247811,158860981,node,Plaza de los Angeles,apartments,brick/concrete
Building_148247815,158860981,node,Plaza de los Angeles,apartments,brick/concrete
Building_148247819,158860981,node,Plaza de los Angeles,apartments,brick/concrete
Building_148247836,10117419129,node,unnamed,yes,concrete
Building_148247843,10117419129,node,unnamed,yes,concrete
Building_148247850,10117419129,node,unnamed,yes,concrete
Building_148247852,10117419129,node,unnamed,yes,concrete
Building_148247855,10117419129,node,unnamed,yes,concrete
Building_148247859,10117419129,node,unnamed,yes,concrete
Building_148247861,10117419129,node,unnamed,yes,concrete
Building_148247862,10117419129,node,unnamed,yes,concrete
Building_148247863,158860981,node,Plaza de los Angeles,apartments,brick/concrete
Building_148247864,158860981,node,Plaza de los Angeles,apartments,brick/concrete
Building_148247865,158860981,node,Plaza de los Angeles,apartments,brick/concrete
Building_148247873,158860981,node,Plaza de los Angeles,apartments,brick/concrete
Building_148248184,158860981,node,Plaza de los Angeles,apartments,brick/concrete
Building_148248194,158860981,node,Plaza de los Angeles,apartments,brick/concrete
Building_148248202,158860981,node,Plaza de los Angeles,apartments,brick/concrete
Building_148315408,158860981,node,Plaza de los Angeles,apartments,brick/concrete
Building_148315411,158860981,node,Plaza de los Angeles,apartments,brick/concrete
Building_148315465,368054200,node,Realty Building,yes,concrete
Building_148315466,368054200,node,Realty Building,yes,concrete
Building_148315468,368054201,node,Harvey Building,yes,concrete
Building_148315471,368054200,node,Realty Building,yes,concrete
Building_148315488,368054200,node,Realty Building,yes,concrete
Building_148315489,158860981,node,Plaza de los Angeles,apartments,brick/concrete
Building_148315490,368054200,node,Realty Building,yes,concrete
Building_148315491,368054200,node,Realty Building,yes,concrete
Building_148315494,368054200,node,Realty Building,yes,concrete
Building_148315495,368054200,node,Realty Building,yes,concrete
Building_148315496,368054200,node,Realty Building,yes,concrete
Building_148315497,158860981,node,Plaza de los Angeles,apartments,brick/concrete
Building_148315499,368054200,node,Realty Building,yes,concrete
Building_148315500,368054200,node,Realty Building,yes,concrete
Building_148315501,368054200,node,Realty Building,yes,concrete
Building_148315502,368054200,node,Realty Building,yes,concrete
Building_148315503,368054200,node,Realty Building,yes,concrete
Building_148315504,368054200,node,Realty Building,yes,concrete
Building_148315505,368054200,node,Realty Building,yes,concrete
Building_148315506,368054200,node,Realty Building,yes,concrete
Building_148501265,4204715198,node,unnamed,mosque,concrete
Building_148501267,4204715198,node,unnamed,mosque,concrete
Building_148501269,4204715198,node,unnamed,mosque,concrete
Building_148617043,10287737738,node,unnamed,yes,concrete
Building_148617044,10287737738,node,unnamed,yes,concrete
Building_148617046,10287737738,node,unnamed,yes,concrete
Building_148617047,10287737738,node,unnamed,yes,concrete
Building_148617048,12770983688,node,unnamed,yes,concrete
Building_148617049,12770983688,node,unnamed,yes,concrete
Building_148617050,12770983688,node,unnamed,yes,concrete
Building_148617052,10287737738,node,unnamed,yes,concrete
Building_148617053,10287737738,node,unnamed,yes,concrete
Building_148617057,10287737738,node,unnamed,yes,concrete
Building_148617063,10287737738,node,unnamed,yes,concrete
Building_148617064,12770983688,node,unnamed,yes,concrete
Building_148617065,10287737738,node,unnamed,yes,concrete
Building_148617066,12770983688,node,unnamed,yes,concrete
Building_148617067,10287737738,node,unnamed,yes,concrete
Building_148617068,12770983688,node,unnamed,yes,concrete
Building_148617069,12770983688,node,unnamed,yes,concrete
Building_148617070,10287737738,node,unnamed,yes,concrete
Building_148617071,10287737738,node,unnamed,yes,concrete
Building_148617072,10287737738,node,unnamed,yes,concrete
Building_148617074,10287737738,node,unnamed,yes,concrete
Building_148617075,10287737738,node,unnamed,yes,concrete
Building_148617076,10287737738,node,unnamed,yes,concrete
Building_148617077,10287737738,node,unnamed,yes,concrete
Building_148617078,10287737738,node,unnamed,yes,concrete
Building_148617079,10287737738,node,unnamed,yes,concrete
Building_148617080,10287737738,node,unnamed,yes,concrete
Building_148617081,10287737738,node,unnamed,yes,concrete
Building_148617082,10287737738,node,unnamed,yes,concrete
Building_148617083,10287737738,node,unnamed,yes,concrete
Building_148617110,10287737738,node,unnamed,yes,concrete
Building_148617112,10287737738,node,unnamed,yes,concrete
Building_148617113,10287737738,node,unnamed,yes,concrete
Building_148617114,10287737738,node,unnamed,yes,concrete
Building_148617115,10287737738,node,unnamed,yes,concrete
Building_148815859,13746962700,node,West Harlem Church of Christ,church,concrete
Building_148827006,368043476,node,Portico Place,yes,concrete
Building_148828383,368055713,node,Christodora House,yes,concrete
Building_148880379,368062059,node,Greenpoint Home for the Aged,yes,concrete
Building_148880386,368062059,node,Greenpoint Home for the Aged,yes,concrete
Building_148880387,368062059,node,Greenpoint Home for the Aged,yes,concrete
Building_148880390,368062059,node,Greenpoint Home for the Aged,yes,concrete
Building_148880391,368062059,node,Greenpoint Home for the Aged,yes,concrete
Building_148880393,368062059,node,Greenpoint Home for the Aged,yes,concrete
Building_148880395,368062059,node,Greenpoint Home for the Aged,yes,concrete
Building_148880396,368062059,node,Greenpoint Home for the Aged,yes,concrete
Building_148880397,368062059,node,Greenpoint Home for the Aged,yes,concrete
Building_148880401,368062059,node,Greenpoint Home for the Aged,yes,concrete
Building_148880402,368062059,node,Greenpoint Home for the Aged,yes,concrete
Building_148880405,368062059,node,Greenpoint Home for the Aged,yes,concrete
Building_148880410,9153637261,node,unnamed,construction,concrete
Building_149032864,368062059,node,Greenpoint Home for the Aged,yes,concrete
Building_149032865,11956502494,node,unnamed,yes,concrete
Building_149032866,9153637261,node,unnamed,construction,concrete
Building_149032871,11956502494,node,unnamed,yes,concrete
Building_149032872,368062059,node,Greenpoint Home for the Aged,yes,concrete
Building_149032874,11956502494,node,unnamed,yes,concrete
Building_149032875,368043415,node,McCarren Park Play Center,yes,concrete
Building_149032876,11956502494,node,unnamed,yes,concrete
Building_149032878,11956502494,node,unnamed,yes,concrete
Building_149032881,368043415,node,McCarren Park Play Center,yes,concrete
Building_149032882,11956502494,node,unnamed,yes,concrete
Building_149032883,9153637261,node,unnamed,construction,concrete
Building_149032884,11956502494,node,unnamed,yes,concrete
Building_151177819,368052734,node,Theobald Smith Hall,yes,concrete
Building_151178512,368052734,node,Theobald Smith Hall,yes,concrete
Building_151178515,368052582,node,Founders Hall,yes,concrete
Building_151179441,368052734,node,Theobald Smith Hall,yes,concrete
Building_151527561,6816303732,node,Belmont Garage,garage,concrete
Building_151527567,12414899829,node,Lido,yes,concrete
Building_151527568,9153637261,node,unnamed,construction,concrete
Building_151554001,11956502494,node,unnamed,yes,concrete
Building_151554002,4758938134,node,Building 9,yes,concrete
Building_151554007,11956502494,node,unnamed,yes,concrete
Building_151554008,11956502494,node,unnamed,yes,concrete
Building_151554010,11956502494,node,unnamed,yes,concrete
Building_151554013,4758938134,node,Building 9,yes,concrete
Building_151554014,4758938134,node,Building 9,yes,concrete
Building_151554015,4758938134,node,Building 9,yes,concrete
Building_151554016,4758938134,node,Building 9,yes,concrete
Building_151554017,11956502494,node,unnamed,yes,concrete
Building_151554018,4758938134,node,Building 9,yes,concrete
Building_151554019,11956502494,node,unnamed,yes,concrete
Building_151554020,4758938134,node,Building 9,yes,concrete
Building_151554021,4758938134,node,Building 9,yes,concrete
Building_151554022,11956502494,node,unnamed,yes,concrete
Building_151554024,4758938134,node,Building 9,yes,concrete
Building_151554025,4758938134,node,Building 9,yes,concrete
Building_151911580,2767633758,node,Fine Fare,retail,concrete
Building_151911583,368054201,node,Harvey Building,yes,concrete
Building_151911585,368054201,node,Harvey Building,yes,concrete
Building_151911586,2767633758,node,Fine Fare,retail,concrete
Building_151911705,2767633758,node,Fine Fare,retail,concrete
Building_151911707,2767633758,node,Fine Fare,retail,concrete
Building_152188682,368054201,node,Harvey Building,yes,concrete
Building_152188684,368054201,node,Harvey Building,yes,concrete
Building_152188685,368054201,node,Harvey Building,yes,concrete
Building_152188686,368054201,node,Harvey Building,yes,concrete
Building_153049700,12770983688,node,unnamed,yes,concrete
Building_153049712,12770983688,node,unnamed,yes,concrete
Building_153049717,12770983688,node,unnamed,yes,concrete
Building_153049722,12770983688,node,unnamed,yes,concrete
Building_153051885,12770983688,node,unnamed,yes,concrete
Building_153051887,4204715198,node,unnamed,mosque,concrete
Building_153051895,4204715198,node,unnamed,mosque,concrete
Building_153051902,12770983688,node,unnamed,yes,concrete
Building_153051904,4204715198,node,unnamed,mosque,concrete
Building_153051909,4204715198,node,unnamed,mosque,concrete
Building_153051917,4204715198,node,unnamed,mosque,concrete
Building_153051919,4204715198,node,unnamed,mosque,concrete
Building_153051924,4204715198,node,unnamed,mosque,concrete
Building_153051927,12770983688,node,unnamed,yes,concrete
Building_153052574,4204715198,node,unnamed,mosque,concrete
Building_153052575,4204715198,node,unnamed,mosque,concrete
Building_153052578,4204715198,node,unnamed,mosque,concrete
Building_153052580,4204715198,node,unnamed,mosque,concrete
Building_153058575,4204715198,node,unnamed,mosque,concrete
Building_153058576,4204715198,node,unnamed,mosque,concrete
Building_153058577,4204715198,node,unnamed,mosque,concrete
Building_153058579,4204715198,node,unnamed,mosque,concrete
Building_153058580,4204715198,node,unnamed,mosque,concrete
Building_153058581,4204715198,node,unnamed,mosque,concrete
Building_153058586,4204715198,node,unnamed,mosque,concrete
Building_15387748,11956502494,node,unnamed,yes,concrete
Building_15387749,11956502494,node,unnamed,yes,concrete
Building_155165972,368043179,node,Castilian Towers,yes,concrete
Building_155165973,158860981,node,Plaza de los Angeles,apartments,brick/concrete
Building_155165974,368054201,node,Harvey Building,yes,concrete
Building_155165975,368054201,node,Harvey Building,yes,concrete
Building_155165976,368043179,node,Castilian Towers,yes,concrete
Building_155165978,368054201,node,Harvey Building,yes,concrete
Building_155165980,368043179,node,Castilian Towers,yes,concrete
Building_155165981,368043179,node,Castilian Towers,yes,concrete
Building_155165982,368054201,node,Harvey Building,yes,concrete
Building_155165983,357611511,node,Mount Cella Baptist Church,yes,concrete
Building_155165984,368043179,node,Castilian Towers,yes,concrete
Building_155165985,368054201,node,Harvey Building,yes,concrete
Building_155165986,368043179,node,Castilian Towers,yes,concrete
Building_155165988,357611511,node,Mount Cella Baptist Church,yes,concrete
Building_155166041,158860981,node,Plaza de los Angeles,apartments,brick/concrete
Building_155166047,158860981,node,Plaza de los Angeles,apartments,brick/concrete
Building_155187228,10117419129,node,unnamed,yes,concrete
Building_155187229,357611511,node,Mount Cella Baptist Church,yes,concrete
Building_155187230,357611511,node,Mount Cella Baptist Church,yes,concrete
Building_155187231,357611511,node,Mount Cella Baptist Church,yes,concrete
Building_155187232,357611511,node,Mount Cella Baptist Church,yes,concrete
Building_155187234,357611511,node,Mount Cella Baptist Church,yes,concrete
Building_157556168,11956502494,node,unnamed,yes,concrete
Building_157556169,11956502494,node,unnamed,yes,concrete
Building_157556170,11956502494,node,unnamed,yes,concrete
Building_157556172,11956502494,node,unnamed,yes,concrete
Building_157556173,11956502494,node,unnamed,yes,concrete
Building_157556174,11956502494,node,unnamed,yes,concrete
Building_157556182,11956502494,node,unnamed,yes,concrete
Building_157556301,11956502494,node,unnamed,yes,concrete
Building_157556302,11956502494,node,unnamed,yes,concrete
Building_157567650,4204715198,node,unnamed,mosque,concrete
Building_157567657,4204715198,node,unnamed,mosque,concrete
Building_157567661,368054200,node,Realty Building,yes,concrete
Building_157588854,368062059,node,Greenpoint Home for the Aged,yes,concrete
Building_157588856,368062059,node,Greenpoint Home for the Aged,yes,concrete
Building_157588858,368043415,node,McCarren Park Play Center,yes,concrete
Building_157588859,368043415,node,McCarren Park Play Center,yes,concrete
Building_157588863,368043415,node,McCarren Park Play Center,yes,concrete
Building_157588865,368043415,node,McCarren Park Play Center,yes,concrete
Building_157588868,368062059,node,Greenpoint Home for the Aged,yes,concrete
Building_157588871,368062059,node,Greenpoint Home for the Aged,yes,concrete
Building_157588872,368062059,node,Greenpoint Home for the Aged,yes,concrete
Building_157588876,368043415,node,McCarren Park Play Center,yes,concrete
Building_157588877,368043415,node,McCarren Park Play Center,yes,concrete
Building_157588880,368043415,node,McCarren Park Play Center,yes,concrete
Building_157588881,368043415,node,McCarren Park Play Center,yes,concrete
Building_157588882,368043415,node,McCarren Park Play Center,yes,concrete
Building_157588885,368043415,node,McCarren Park Play Center,yes,concrete
Building_157588896,368043415,node,McCarren Park Play Center,yes,concrete
Building_157588901,368062059,node,Greenpoint Home for the Aged,yes,concrete
Building_157588902,368062059,node,Greenpoint Home for the Aged,yes,concrete
Building_157592037,10287737738,node,unnamed,yes,concrete
Building_157592038,12770983688,node,unnamed,yes,concrete
Building_157592041,10287737738,node,unnamed,yes,concrete
Building_158060959,368055653,node,Lincoln-Amsterdam House,yes,concrete
Building_158060961,368055653,node,Lincoln-Amsterdam House,yes,concrete
Building_158060963,368055653,node,Lincoln-Amsterdam House,yes,concrete
Building_158060964,368055653,node,Lincoln-Amsterdam House,yes,concrete
Building_158060966,368055653,node,Lincoln-Amsterdam House,yes,concrete
Building_158060967,368055653,node,Lincoln-Amsterdam House,yes,concrete
Building_158060968,368055653,node,Lincoln-Amsterdam House,yes,concrete
Building_158062007,368055653,node,Lincoln-Amsterdam House,yes,concrete
Building_158062008,368055653,node,Lincoln-Amsterdam House,yes,concrete
Building_158062010,368055653,node,Lincoln-Amsterdam House,yes,concrete
Building_158062012,368055653,node,Lincoln-Amsterdam House,yes,concrete
Building_158062014,368055653,node,Lincoln-Amsterdam House,yes,concrete
Building_158062015,368055653,node,Lincoln-Amsterdam House,yes,concrete
Building_158062016,368055653,node,Lincoln-Amsterdam House,yes,concrete
Building_158062628,368055653,node,Lincoln-Amsterdam House,yes,concrete
Building_158062629,368055653,node,Lincoln-Amsterdam House,yes,concrete
Building_158062630,368055653,node,Lincoln-Amsterdam House,yes,concrete
Building_158062633,368055653,node,Lincoln-Amsterdam House,yes,concrete
Building_158073716,11956502494,node,unnamed,yes,concrete
Building_158220566,13746621748,node,International Ministry,church,concrete
Building_158220570,13746714387,node,City Tabernacle of Seventh-day Adventists,church,concrete
Building_158220571,13746714387,node,City Tabernacle of Seventh-day Adventists,church,concrete
Building_158220573,13746714387,node,City Tabernacle of Seventh-day Adventists,church,concrete
Building_158220574,13746714387,node,City Tabernacle of Seventh-day Adventists,church,concrete
Building_158220575,13746714387,node,City Tabernacle of Seventh-day Adventists,church,concrete
Building_158220577,13746714387,node,City Tabernacle of Seventh-day Adventists,church,concrete
Building_158220578,13746714387,node,City Tabernacle of Seventh-day Adventists,church,concrete
Building_158220580,13746714387,node,City Tabernacle of Seventh-day Adventists,church,concrete
Building_158220581,13746714387,node,City Tabernacle of Seventh-day Adventists,church,concrete
Building_158220582,13746621748,node,International Ministry,church,concrete
Building_158220587,13746621748,node,International Ministry,church,concrete
Building_158220589,13746714387,node,City Tabernacle of Seventh-day Adventists,church,concrete
Building_158220590,13746714387,node,City Tabernacle of Seventh-day Adventists,church,concrete
Building_158220591,13746714387,node,City Tabernacle of Seventh-day Adventists,church,concrete
Building_158220595,13746714387,node,City Tabernacle of Seventh-day Adventists,church,concrete
Building_158220596,13746714387,node,City Tabernacle of Seventh-day Adventists,church,concrete
Building_158220597,3145838438,node,Corpus Christi School,school,concrete
Building_158220598,13746714387,node,City Tabernacle of Seventh-day Adventists,church,concrete
Building_158220601,13746962700,node,West Harlem Church of Christ,church,concrete
Building_158220604,13746714387,node,City Tabernacle of Seventh-day Adventists,church,concrete
Building_158220606,13746714387,node,City Tabernacle of Seventh-day Adventists,church,concrete
Building_158220607,13746621748,node,International Ministry,church,concrete
Building_158220610,13746621748,node,International Ministry,church,concrete
Building_158220611,13746714387,node,City Tabernacle of Seventh-day Adventists,church,concrete
Building_158220612,13746714387,node,City Tabernacle of Seventh-day Adventists,church,concrete
Building_158220613,13746714387,node,City Tabernacle of Seventh-day Adventists,church,concrete
Building_158220614,13746714387,node,City Tabernacle of Seventh-day Adventists,church,concrete
Building_158220616,13746714387,node,City Tabernacle of Seventh-day Adventists,church,concrete
Building_158220619,13746962700,node,West Harlem Church of Christ,church,concrete
Building_158220620,13746714387,node,City Tabernacle of Seventh-day Adventists,church,concrete
Building_158220621,13746621748,node,International Ministry,church,concrete
Building_158220623,13746621748,node,International Ministry,church,concrete
Building_158280924,357611511,node,Mount Cella Baptist Church,yes,concrete
Building_158281124,368043017,node,Catholic Orphan Asylum,yes,concrete
Building_158281607,368043017,node,Catholic Orphan Asylum,yes,concrete
Building_158282052,368043017,node,Catholic Orphan Asylum,yes,concrete
Building_158283576,368043017,node,Catholic Orphan Asylum,yes,concrete
Building_158284081,368043017,node,Catholic Orphan Asylum,yes,concrete
Building_158284473,10117419129,node,unnamed,yes,concrete
Building_158285898,357611511,node,Mount Cella Baptist Church,yes,concrete
Building_158286345,357611511,node,Mount Cella Baptist Church,yes,concrete
Building_158286828,357611511,node,Mount Cella Baptist Church,yes,concrete
Building_158287644,357611511,node,Mount Cella Baptist Church,yes,concrete
Building_158288690,357611511,node,Mount Cella Baptist Church,yes,concrete
Building_158289155,357611511,node,Mount Cella Baptist Church,yes,concrete
Building_158289742,368043179,node,Castilian Towers,yes,concrete
Building_158290121,368043179,node,Castilian Towers,yes,concrete
Building_158290691,368043179,node,Castilian Towers,yes,concrete
Building_158290758,368043179,node,Castilian Towers,yes,concrete
Building_158290861,368043179,node,Castilian Towers,yes,concrete
Building_158290933,368043179,node,Castilian Towers,yes,concrete
Building_158291002,368043179,node,Castilian Towers,yes,concrete
Building_158291026,368043017,node,Catholic Orphan Asylum,yes,concrete
Building_158291287,368043017,node,Catholic Orphan Asylum,yes,concrete
Building_158291342,368043017,node,Catholic Orphan Asylum,yes,concrete
Building_158291698,368043017,node,Catholic Orphan Asylum,yes,concrete
Building_158292040,368043017,node,Catholic Orphan Asylum,yes,concrete
Building_158292541,368043017,node,Catholic Orphan Asylum,yes,concrete
Building_158292638,368043017,node,Catholic Orphan Asylum,yes,concrete
Building_158292667,368043017,node,Catholic Orphan Asylum,yes,concrete
Building_158292690,368043017,node,Catholic Orphan Asylum,yes,concrete
Building_158292724,368043238,node,Inwood Hill Park Ecology Center,yes,concrete
Building_158292741,368043238,node,Inwood Hill Park Ecology Center,yes,concrete
Building_158292868,368043238,node,Inwood Hill Park Ecology Center,yes,concrete
Building_158293109,368043238,node,Inwood Hill Park Ecology Center,yes,concrete
Building_158293792,368043017,node,Catholic Orphan Asylum,yes,concrete
Building_158293833,368043017,node,Catholic Orphan Asylum,yes,concrete
Building_158293885,368043017,node,Catholic Orphan Asylum,yes,concrete
Building_158293891,368043017,node,Catholic Orphan Asylum,yes,concrete
Building_158294033,368043238,node,Inwood Hill Park Ecology Center,yes,concrete
Building_158294193,368043238,node,Inwood Hill Park Ecology Center,yes,concrete
Building_158294317,368043017,node,Catholic Orphan Asylum,yes,concrete
Building_158294322,368043017,node,Catholic Orphan Asylum,yes,concrete
Building_158294354,368043017,node,Catholic Orphan Asylum,yes,concrete
Building_158913875,3143934834,node,The Caedmon School,school,concrete
Building_158913878,3143934834,node,The Caedmon School,school,concrete
Building_158913885,3143934834,node,The Caedmon School,school,concrete
Building_158913888,3143934834,node,The Caedmon School,school,concrete
Building_158913891,368051232,node,New York City Board of Higher Education Headquarters,public,concrete
Building_158913894,368051232,node,New York City Board of Higher Education Headquarters,public,concrete
Building_158913896,3143934834,node,The Caedmon School,school,concrete
Building_158913899,3143934834,node,The Caedmon School,school,concrete
Building_158913900,6816303732,node,Belmont Garage,garage,concrete
Building_158913901,3143934834,node,The Caedmon School,school,concrete
Building_158913904,3143934834,node,The Caedmon School,school,concrete
Building_158913905,3143934834,node,The Caedmon School,school,concrete
Building_158913908,368051232,node,New York City Board of Higher Education Headquarters,public,concrete
Building_158913910,3143934834,node,The Caedmon School,school,concrete
Building_158913912,368051232,node,New York City Board of Higher Education Headquarters,public,concrete
Building_158913917,368051232,node,New York City Board of Higher Education Headquarters,public,concrete
Building_158913929,368051232,node,New York City Board of Higher Education Headquarters,public,concrete
Building_158913935,3819470905,node,M&T Bank,commercial,glass curtain wall
Building_158913936,368051232,node,New York City Board of Higher Education Headquarters,public,concrete
Building_158913937,6816303732,node,Belmont Garage,garage,concrete
Building_158913939,3143934834,node,The Caedmon School,school,concrete
Building_158913946,3143934834,node,The Caedmon School,school,concrete
Building_158913949,3143934834,node,The Caedmon School,school,concrete
Building_158913951,3143934834,node,The Caedmon School,school,concrete
Building_158932407,368051232,node,New York City Board of Higher Education Headquarters,public,concrete
Building_158932420,368051232,node,New York City Board of Higher Education Headquarters,public,concrete
Building_158932429,3819470905,node,M&T Bank,commercial,glass curtain wall
Building_158932430,3819470905,node,M&T Bank,commercial,glass curtain wall
Building_158932431,10780125943,node,unnamed,yes,concrete
Building_158932435,10780125943,node,unnamed,yes,concrete
Building_158932436,10780125943,node,unnamed,yes,concrete
Building_158932437,10780125948,node,unnamed,yes,concrete
Building_158932514,3819470905,node,M&T Bank,commercial,glass curtain wall
Building_160958890,10287737738,node,unnamed,yes,concrete
Building_160958895,10287737738,node,unnamed,yes,concrete
Building_160958903,10287737738,node,unnamed,yes,concrete
Building_160958911,10287737738,node,unnamed,yes,concrete
Building_160958915,10287737738,node,unnamed,yes,concrete
Building_160958917,10287737738,node,unnamed,yes,concrete
Building_160959057,10287737738,node,unnamed,yes,concrete
Building_161063719,12081819275,node,Lokal Mediterranean Kitchen,yes,concrete
Building_161063724,12081819275,node,Lokal Mediterranean Kitchen,yes,concrete
Building_161063728,12081819275,node,Lokal Mediterranean Kitchen,yes,concrete
Building_161063732,368043882,node,The Brockholst,yes,concrete
Building_161063735,368043882,node,The Brockholst,yes,concrete
Building_161063739,12232476848,node,unnamed,yes,concrete
Building_161063743,3580782407,node,unnamed,apartments,brick/concrete
Building_161063746,3580782407,node,unnamed,apartments,brick/concrete
Building_161063751,368043882,node,The Brockholst,yes,concrete
Building_161063754,368043882,node,The Brockholst,yes,concrete
Building_161063757,368043882,node,The Brockholst,yes,concrete
Building_161063765,368043882,node,The Brockholst,yes,concrete
Building_161063771,12232476848,node,unnamed,yes,concrete
Building_161063772,12232476848,node,unnamed,yes,concrete
Building_161063775,12081819275,node,Lokal Mediterranean Kitchen,yes,concrete
Building_161063781,12081819275,node,Lokal Mediterranean Kitchen,yes,concrete
Building_161063786,368043882,node,The Brockholst,yes,concrete
Building_161131038,368055713,node,Christodora House,yes,concrete
Building_161131040,3843628369,node,UN Halal,no,concrete
Building_161131041,3843628369,node,UN Halal,no,concrete
Building_161131042,368055863,node,Phipps Plaza,yes,concrete
Building_161131043,368055863,node,Phipps Plaza,yes,concrete
Building_161131044,368055863,node,Phipps Plaza,yes,concrete
Building_161131045,368055863,node,Phipps Plaza,yes,concrete
Building_161131046,368055863,node,Phipps Plaza,yes,concrete
Building_161131047,368055873,node,East Midtown Plaza,yes,concrete
Building_161131048,368055873,node,East Midtown Plaza,yes,concrete
Building_161131049,368055873,node,East Midtown Plaza,yes,concrete
Building_161131050,368055873,node,East Midtown Plaza,yes,concrete
Building_161131052,368055713,node,Christodora House,yes,concrete
Building_161131053,368055873,node,East Midtown Plaza,yes,concrete
Building_161131054,368055713,node,Christodora House,yes,concrete
Building_161131055,368055713,node,Christodora House,yes,concrete
Building_161131056,368055713,node,Christodora House,yes,concrete
Building_161131057,368055713,node,Christodora House,yes,concrete
Building_161131058,368055873,node,East Midtown Plaza,yes,concrete
Building_161131059,368055863,node,Phipps Plaza,yes,concrete
Building_161131060,368055863,node,Phipps Plaza,yes,concrete
Building_161131061,368055863,node,Phipps Plaza,yes,concrete
Building_161131062,368055863,node,Phipps Plaza,yes,concrete
Building_161131063,368055863,node,Phipps Plaza,yes,concrete
Building_161131064,368055873,node,East Midtown Plaza,yes,concrete
Building_161131065,368055863,node,Phipps Plaza,yes,concrete
Building_161131067,368055863,node,Phipps Plaza,yes,concrete
Building_161131068,368055713,node,Christodora House,yes,concrete
Building_161131179,368055713,node,Christodora House,yes,concrete
Building_161481367,12770983688,node,unnamed,yes,concrete
Building_161481368,12770983688,node,unnamed,yes,concrete
Building_161481369,12770983688,node,unnamed,yes,concrete
Building_161481372,12770983688,node,unnamed,yes,concrete
Building_161481373,12770983688,node,unnamed,yes,concrete
Building_161481376,12770983688,node,unnamed,yes,concrete
Building_161481377,12770983688,node,unnamed,yes,concrete
Building_161481378,12770983688,node,unnamed,yes,concrete
Building_161481563,12770983688,node,unnamed,yes,concrete
Building_161580422,368055679,node,The Red House,yes,concrete
Building_161580444,368055679,node,The Red House,yes,concrete
Building_161580446,368055679,node,The Red House,yes,concrete
Building_161580450,368055679,node,The Red House,yes,concrete
Building_161613459,357611511,node,Mount Cella Baptist Church,yes,concrete
Building_161613797,368043520,node,Bard Haven Towers,yes,concrete
Building_161613949,368043520,node,Bard Haven Towers,yes,concrete
Building_161614376,368043017,node,Catholic Orphan Asylum,yes,concrete
Building_161614386,368043017,node,Catholic Orphan Asylum,yes,concrete
Building_161614391,368043017,node,Catholic Orphan Asylum,yes,concrete
Building_161614409,368043238,node,Inwood Hill Park Ecology Center,yes,concrete
Building_161614455,368043238,node,Inwood Hill Park Ecology Center,yes,concrete
Building_161614507,368043238,node,Inwood Hill Park Ecology Center,yes,concrete
Building_161614545,368043238,node,Inwood Hill Park Ecology Center,yes,concrete
Building_161614568,368043238,node,Inwood Hill Park Ecology Center,yes,concrete
Building_161614609,368043238,node,Inwood Hill Park Ecology Center,yes,concrete
Building_161614632,368043238,node,Inwood Hill Park Ecology Center,yes,concrete
Building_161614732,368043238,node,Inwood Hill Park Ecology Center,yes,concrete
Building_161614770,368043238,node,Inwood Hill Park Ecology Center,yes,concrete
Building_161614776,368043238,node,Inwood Hill Park Ecology Center,yes,concrete
Building_161648653,368043017,node,Catholic Orphan Asylum,yes,concrete
Building_161648684,368043017,node,Catholic Orphan Asylum,yes,concrete
Building_161648898,368043017,node,Catholic Orphan Asylum,yes,concrete
Building_161648921,368043238,node,Inwood Hill Park Ecology Center,yes,concrete
Building_161649061,368043238,node,Inwood Hill Park Ecology Center,yes,concrete
Building_161649238,368043238,node,Inwood Hill Park Ecology Center,yes,concrete
Building_161649305,368043238,node,Inwood Hill Park Ecology Center,yes,concrete
Building_161649346,368043238,node,Inwood Hill Park Ecology Center,yes,concrete
Building_161649402,368043238,node,Inwood Hill Park Ecology Center,yes,concrete
Building_161649405,368043238,node,Inwood Hill Park Ecology Center,yes,concrete
Building_161649456,368043238,node,Inwood Hill Park Ecology Center,yes,concrete
Building_161650714,368043017,node,Catholic Orphan Asylum,yes,concrete
Building_161650805,368043017,node,Catholic Orphan Asylum,yes,concrete
Building_161650879,368043017,node,Catholic Orphan Asylum,yes,concrete
Building_161650949,368043017,node,Catholic Orphan Asylum,yes,concrete
Building_161651073,368043017,node,Catholic Orphan Asylum,yes,concrete
Building_161651148,368043017,node,Catholic Orphan Asylum,yes,concrete
Building_161651221,368043017,node,Catholic Orphan Asylum,yes,concrete
Building_161651278,368043017,node,Catholic Orphan Asylum,yes,concrete
Building_161651320,368043017,node,Catholic Orphan Asylum,yes,concrete
Building_161651435,368043017,node,Catholic Orphan Asylum,yes,concrete
Building_161651465,368043017,node,Catholic Orphan Asylum,yes,concrete
Building_161651900,368043017,node,Catholic Orphan Asylum,yes,concrete
Building_161654532,368043017,node,Catholic Orphan Asylum,yes,concrete
Building_161654611,368043017,node,Catholic Orphan Asylum,yes,concrete
Building_161654744,368043017,node,Catholic Orphan Asylum,yes,concrete
Building_161654846,368043017,node,Catholic Orphan Asylum,yes,concrete
Building_161654941,368043017,node,Catholic Orphan Asylum,yes,concrete
Building_161655119,368043017,node,Catholic Orphan Asylum,yes,concrete
Building_161655183,368043017,node,Catholic Orphan Asylum,yes,concrete
Building_161718624,368043017,node,Catholic Orphan Asylum,yes,concrete
Building_161718675,368043238,node,Inwood Hill Park Ecology Center,yes,concrete
Building_161718730,368043238,node,Inwood Hill Park Ecology Center,yes,concrete
Building_161718754,368043238,node,Inwood Hill Park Ecology Center,yes,concrete
Building_161718814,368043238,node,Inwood Hill Park Ecology Center,yes,concrete
Building_161718838,368043238,node,Inwood Hill Park Ecology Center,yes,concrete
Building_161718839,368043238,node,Inwood Hill Park Ecology Center,yes,concrete
Building_161718857,368043238,node,Inwood Hill Park Ecology Center,yes,concrete
Building_161718860,368043238,node,Inwood Hill Park Ecology Center,yes,concrete
Building_161719086,368043238,node,Inwood Hill Park Ecology Center,yes,concrete
Building_161719133,368043238,node,Inwood Hill Park Ecology Center,yes,concrete
Building_161719168,368043238,node,Inwood Hill Park Ecology Center,yes,concrete
Building_161719258,368043238,node,Inwood Hill Park Ecology Center,yes,concrete
Building_161719259,368043238,node,Inwood Hill Park Ecology Center,yes,concrete
Building_161719295,368043238,node,Inwood Hill Park Ecology Center,yes,concrete
Building_161719301,368043238,node,Inwood Hill Park Ecology Center,yes,concrete
Building_161719302,368043238,node,Inwood Hill Park Ecology Center,yes,concrete
Building_161719512,368043238,node,Inwood Hill Park Ecology Center,yes,concrete
Building_161719996,368043238,node,Inwood Hill Park Ecology Center,yes,concrete
Building_161720068,368043238,node,Inwood Hill Park Ecology Center,yes,concrete
Building_161720080,368043238,node,Inwood Hill Park Ecology Center,yes,concrete
Building_161720086,368043238,node,Inwood Hill Park Ecology Center,yes,concrete
Building_161720117,368043238,node,Inwood Hill Park Ecology Center,yes,concrete
Building_161720190,368043238,node,Inwood Hill Park Ecology Center,yes,concrete
Building_161720196,368043238,node,Inwood Hill Park Ecology Center,yes,concrete
Building_161720197,368043238,node,Inwood Hill Park Ecology Center,yes,concrete
Building_161720224,368043238,node,Inwood Hill Park Ecology Center,yes,concrete
Building_161720250,368043238,node,Inwood Hill Park Ecology Center,yes,concrete
Building_161720253,368043238,node,Inwood Hill Park Ecology Center,yes,concrete
Building_161720272,368043238,node,Inwood Hill Park Ecology Center,yes,concrete
Building_161720315,368043238,node,Inwood Hill Park Ecology Center,yes,concrete
Building_161720349,357611511,node,Mount Cella Baptist Church,yes,concrete
Building_161720357,357611511,node,Mount Cella Baptist Church,yes,concrete
Building_161720359,357611511,node,Mount Cella Baptist Church,yes,concrete
Building_161720362,368043238,node,Inwood Hill Park Ecology Center,yes,concrete
Building_161720392,368043238,node,Inwood Hill Park Ecology Center,yes,concrete
Building_161720400,368043238,node,Inwood Hill Park Ecology Center,yes,concrete
Building_161720462,368043238,node,Inwood Hill Park Ecology Center,yes,concrete
Building_161720463,368043238,node,Inwood Hill Park Ecology Center,yes,concrete
Building_161720470,368043238,node,Inwood Hill Park Ecology Center,yes,concrete
Building_161720497,368043238,node,Inwood Hill Park Ecology Center,yes,concrete
Building_161720528,368043238,node,Inwood Hill Park Ecology Center,yes,concrete
Building_161720534,368043238,node,Inwood Hill Park Ecology Center,yes,concrete
Building_161720597,368043238,node,Inwood Hill Park Ecology Center,yes,concrete
Building_161762732,357611511,node,Mount Cella Baptist Church,yes,concrete
Building_161762740,368044339,node,Thayer Street Telephone Exchange,yes,concrete
Building_161762794,368044339,node,Thayer Street Telephone Exchange,yes,concrete
Building_161763157,368044339,node,Thayer Street Telephone Exchange,yes,concrete
Building_161763310,368044339,node,Thayer Street Telephone Exchange,yes,concrete
Building_161763484,368044339,node,Thayer Street Telephone Exchange,yes,concrete
Building_161763707,368044339,node,Thayer Street Telephone Exchange,yes,concrete
Building_161764255,368044339,node,Thayer Street Telephone Exchange,yes,concrete
Building_161764263,368043179,node,Castilian Towers,yes,concrete
Building_161764265,368044339,node,Thayer Street Telephone Exchange,yes,concrete
Building_161764267,368044339,node,Thayer Street Telephone Exchange,yes,concrete
Building_161764268,368044339,node,Thayer Street Telephone Exchange,yes,concrete
Building_161764269,357611511,node,Mount Cella Baptist Church,yes,concrete
Building_161764270,368044339,node,Thayer Street Telephone Exchange,yes,concrete
Building_161764271,357611511,node,Mount Cella Baptist Church,yes,concrete
Building_161764273,357611511,node,Mount Cella Baptist Church,yes,concrete
Building_161764274,357611511,node,Mount Cella Baptist Church,yes,concrete
Building_161764275,368044339,node,Thayer Street Telephone Exchange,yes,concrete
Building_161764276,368043179,node,Castilian Towers,yes,concrete
Building_161764277,357611511,node,Mount Cella Baptist Church,yes,concrete
Building_161764278,368044339,node,Thayer Street Telephone Exchange,yes,concrete
Building_161764279,357611511,node,Mount Cella Baptist Church,yes,concrete
Building_161764280,357611511,node,Mount Cella Baptist Church,yes,concrete
Building_161764281,368043179,node,Castilian Towers,yes,concrete
Building_161764282,368044339,node,Thayer Street Telephone Exchange,yes,concrete
Building_161764283,368044339,node,Thayer Street Telephone Exchange,yes,concrete
Building_161764284,368044339,node,Thayer Street Telephone Exchange,yes,concrete
Building_161764285,368044339,node,Thayer Street Telephone Exchange,yes,concrete
Building_161764287,368044339,node,Thayer Street Telephone Exchange,yes,concrete
Building_161764773,368044339,node,Thayer Street Telephone Exchange,yes,concrete
Building_161764775,368044339,node,Thayer Street Telephone Exchange,yes,concrete
Building_161765503,368044339,node,Thayer Street Telephone Exchange,yes,concrete
Building_161765504,368044339,node,Thayer Street Telephone Exchange,yes,concrete
Building_161765505,368044339,node,Thayer Street Telephone Exchange,yes,concrete
Building_161765506,368044339,node,Thayer Street Telephone Exchange,yes,concrete
Building_161765507,368044339,node,Thayer Street Telephone Exchange,yes,concrete
Building_161765508,368044339,node,Thayer Street Telephone Exchange,yes,concrete
Building_161765509,368044339,node,Thayer Street Telephone Exchange,yes,concrete
Building_161765510,368044339,node,Thayer Street Telephone Exchange,yes,concrete
Building_161765568,368044339,node,Thayer Street Telephone Exchange,yes,concrete
Building_161765569,368043238,node,Inwood Hill Park Ecology Center,yes,concrete
Building_161765570,368044339,node,Thayer Street Telephone Exchange,yes,concrete
Building_161765571,368043238,node,Inwood Hill Park Ecology Center,yes,concrete
Building_161768100,368043179,node,Castilian Towers,yes,concrete
Building_161768101,368043179,node,Castilian Towers,yes,concrete
Building_161768102,368043179,node,Castilian Towers,yes,concrete
Building_161768103,368043179,node,Castilian Towers,yes,concrete
Building_161768104,2013022253,node,"Niclab Consulting Group, LLC",yes,concrete
Building_161768105,368043179,node,Castilian Towers,yes,concrete
Building_161768106,368043179,node,Castilian Towers,yes,concrete
Building_161768107,368043179,node,Castilian Towers,yes,concrete
Building_161768108,368043179,node,Castilian Towers,yes,concrete
Building_161768109,368043179,node,Castilian Towers,yes,concrete
Building_161768110,368043179,node,Castilian Towers,yes,concrete
Building_161768111,368043179,node,Castilian Towers,yes,concrete
Building_161768112,368043179,node,Castilian Towers,yes,concrete
Building_161768113,368043179,node,Castilian Towers,yes,concrete
Building_161768114,368044339,node,Thayer Street Telephone Exchange,yes,concrete
Building_161768115,368043179,node,Castilian Towers,yes,concrete
Building_161768116,368044339,node,Thayer Street Telephone Exchange,yes,concrete
Building_161768117,368043179,node,Castilian Towers,yes,concrete
Building_161768118,368043179,node,Castilian Towers,yes,concrete
Building_161768119,368043179,node,Castilian Towers,yes,concrete
Building_161768120,368043179,node,Castilian Towers,yes,concrete
Building_161768121,368043179,node,Castilian Towers,yes,concrete
Building_161768122,2013022253,node,"Niclab Consulting Group, LLC",yes,concrete
Building_161768123,368043179,node,Castilian Towers,yes,concrete
Building_161768124,368043179,node,Castilian Towers,yes,concrete
Building_161768125,368043179,node,Castilian Towers,yes,concrete
Building_161768126,368043179,node,Castilian Towers,yes,concrete
Building_161768127,368044339,node,Thayer Street Telephone Exchange,yes,concrete
Building_161768128,368043179,node,Castilian Towers,yes,concrete
Building_161768129,368043179,node,Castilian Towers,yes,concrete
Building_161768130,368044339,node,Thayer Street Telephone Exchange,yes,concrete
Building_161768131,368043179,node,Castilian Towers,yes,concrete
Building_161768132,2013022253,node,"Niclab Consulting Group, LLC",yes,concrete
Building_161827799,2013022253,node,"Niclab Consulting Group, LLC",yes,concrete
Building_161827800,2013022253,node,"Niclab Consulting Group, LLC",yes,concrete
Building_161827801,368043179,node,Castilian Towers,yes,concrete
Building_161827802,2013022253,node,"Niclab Consulting Group, LLC",yes,concrete
Building_161827803,368044339,node,Thayer Street Telephone Exchange,yes,concrete
Building_161827804,368044339,node,Thayer Street Telephone Exchange,yes,concrete
Building_161827805,2013022253,node,"Niclab Consulting Group, LLC",yes,concrete
Building_161828228,368043179,node,Castilian Towers,yes,concrete
Building_161828229,2013022253,node,"Niclab Consulting Group, LLC",yes,concrete
Building_161828230,368043238,node,Inwood Hill Park Ecology Center,yes,concrete
Building_161828231,368043238,node,Inwood Hill Park Ecology Center,yes,concrete
Building_161828232,368044339,node,Thayer Street Telephone Exchange,yes,concrete
Building_161828233,368043238,node,Inwood Hill Park Ecology Center,yes,concrete
Building_161828234,368043238,node,Inwood Hill Park Ecology Center,yes,concrete
Building_161828235,368044339,node,Thayer Street Telephone Exchange,yes,concrete
Building_161828236,368043238,node,Inwood Hill Park Ecology Center,yes,concrete
Building_161828237,368044339,node,Thayer Street Telephone Exchange,yes,concrete
Building_161828238,368044339,node,Thayer Street Telephone Exchange,yes,concrete
Building_161828239,368043238,node,Inwood Hill Park Ecology Center,yes,concrete
Building_161828240,368043238,node,Inwood Hill Park Ecology Center,yes,concrete
Building_161828241,368043238,node,Inwood Hill Park Ecology Center,yes,concrete
Building_161828242,368044339,node,Thayer Street Telephone Exchange,yes,concrete
Building_161828243,368043238,node,Inwood Hill Park Ecology Center,yes,concrete
Building_161828811,368044339,node,Thayer Street Telephone Exchange,yes,concrete
Building_161828816,368044339,node,Thayer Street Telephone Exchange,yes,concrete
Building_161828818,368044339,node,Thayer Street Telephone Exchange,yes,concrete
Building_161867958,10287737738,node,unnamed,yes,concrete
Building_161867965,10287737738,node,unnamed,yes,concrete
Building_161868331,10287737738,node,unnamed,yes,concrete
Building_161923911,368043017,node,Catholic Orphan Asylum,yes,concrete
Building_161923912,10117419129,node,unnamed,yes,concrete
Building_161923913,10117419129,node,unnamed,yes,concrete
Building_161923914,10117419129,node,unnamed,yes,concrete
Building_161923915,10117419129,node,unnamed,yes,concrete
Building_161923916,10117419129,node,unnamed,yes,concrete
Building_161923917,368043017,node,Catholic Orphan Asylum,yes,concrete
Building_161923918,368043017,node,Catholic Orphan Asylum,yes,concrete
Building_161923919,368043017,node,Catholic Orphan Asylum,yes,concrete
Building_161923921,10117419129,node,unnamed,yes,concrete
Building_161923922,368043017,node,Catholic Orphan Asylum,yes,concrete
Building_161923923,10117419129,node,unnamed,yes,concrete
Building_161923924,10117419129,node,unnamed,yes,concrete
Building_161923925,368043017,node,Catholic Orphan Asylum,yes,concrete
Building_162025491,368043017,node,Catholic Orphan Asylum,yes,concrete
Building_162025492,10117419129,node,unnamed,yes,concrete
Building_162025494,368043017,node,Catholic Orphan Asylum,yes,concrete
Building_162025495,368043017,node,Catholic Orphan Asylum,yes,concrete
Building_162025496,10117419129,node,unnamed,yes,concrete
Building_162025498,368043017,node,Catholic Orphan Asylum,yes,concrete
Building_162025499,368043017,node,Catholic Orphan Asylum,yes,concrete
Building_162025500,368043017,node,Catholic Orphan Asylum,yes,concrete
Building_162025501,368043017,node,Catholic Orphan Asylum,yes,concrete
Building_162025502,368043017,node,Catholic Orphan Asylum,yes,concrete
Building_162026749,368043017,node,Catholic Orphan Asylum,yes,concrete
Building_162026750,368043017,node,Catholic Orphan Asylum,yes,concrete
Building_162026751,368043017,node,Catholic Orphan Asylum,yes,concrete
Building_162026752,368043017,node,Catholic Orphan Asylum,yes,concrete
Building_162026754,368043017,node,Catholic Orphan Asylum,yes,concrete
Building_162026756,368043017,node,Catholic Orphan Asylum,yes,concrete
Building_162026757,368043017,node,Catholic Orphan Asylum,yes,concrete
Building_162026760,368043017,node,Catholic Orphan Asylum,yes,concrete
Building_162026761,368043017,node,Catholic Orphan Asylum,yes,concrete
Building_162038014,368043017,node,Catholic Orphan Asylum,yes,concrete
Building_162038023,368043017,node,Catholic Orphan Asylum,yes,concrete
Building_162141746,368043017,node,Catholic Orphan Asylum,yes,concrete
Building_162141750,368043017,node,Catholic Orphan Asylum,yes,concrete
Building_162141751,368043238,node,Inwood Hill Park Ecology Center,yes,concrete
Building_162141754,368043017,node,Catholic Orphan Asylum,yes,concrete
Building_162141755,368043017,node,Catholic Orphan Asylum,yes,concrete
Building_162141764,368043017,node,Catholic Orphan Asylum,yes,concrete
Building_162141765,368043017,node,Catholic Orphan Asylum,yes,concrete
Building_162141766,368043238,node,Inwood Hill Park Ecology Center,yes,concrete
Building_162141768,368043017,node,Catholic Orphan Asylum,yes,concrete
Building_162141771,368043017,node,Catholic Orphan Asylum,yes,concrete
Building_162153182,8835657109,node,Day Care Center,university,concrete
Building_162153183,13746734354,node,Iglesia Resplandor de Gloria,church,concrete
Building_162153184,2013022253,node,"Niclab Consulting Group, LLC",yes,concrete
Building_162153185,13746734354,node,Iglesia Resplandor de Gloria,church,concrete
Building_162153186,13746734354,node,Iglesia Resplandor de Gloria,church,concrete
Building_162154005,13746714387,node,City Tabernacle of Seventh-day Adventists,church,concrete
Building_162154006,13746714387,node,City Tabernacle of Seventh-day Adventists,church,concrete
Building_162154007,13746714387,node,City Tabernacle of Seventh-day Adventists,church,concrete
Building_162154009,13746962700,node,West Harlem Church of Christ,church,concrete
Building_162154010,13746962700,node,West Harlem Church of Christ,church,concrete
Building_162154011,13746962700,node,West Harlem Church of Christ,church,concrete
Building_162154012,13746714387,node,City Tabernacle of Seventh-day Adventists,church,concrete
Building_162154013,13746621748,node,International Ministry,church,concrete
Building_162154014,13746962700,node,West Harlem Church of Christ,church,concrete
Building_162154017,13746714387,node,City Tabernacle of Seventh-day Adventists,church,concrete
Building_162154019,13746714387,node,City Tabernacle of Seventh-day Adventists,church,concrete
Building_162154020,13746714387,node,City Tabernacle of Seventh-day Adventists,church,concrete
Building_162154022,13746962700,node,West Harlem Church of Christ,church,concrete
Building_162154024,13746962700,node,West Harlem Church of Christ,church,concrete
Building_162154026,13746962700,node,West Harlem Church of Christ,church,concrete
Building_162154027,13746714387,node,City Tabernacle of Seventh-day Adventists,church,concrete
Building_162210992,13746962700,node,West Harlem Church of Christ,church,concrete
Building_162210994,13746962700,node,West Harlem Church of Christ,church,concrete
Building_162210997,13746962700,node,West Harlem Church of Christ,church,concrete
Building_162210998,13746962700,node,West Harlem Church of Christ,church,concrete
Building_162211000,13746962700,node,West Harlem Church of Christ,church,concrete
Building_162211001,13746962700,node,West Harlem Church of Christ,church,concrete
Building_162211002,13746962700,node,West Harlem Church of Christ,church,concrete
Building_162211004,13746962700,node,West Harlem Church of Christ,church,concrete
Building_162211006,13746962700,node,West Harlem Church of Christ,church,concrete
Building_162211007,13746962700,node,West Harlem Church of Christ,church,concrete
Building_162211010,13746962700,node,West Harlem Church of Christ,church,concrete
Building_162211013,13746962700,node,West Harlem Church of Christ,church,concrete
Building_162211014,13746962700,node,West Harlem Church of Christ,church,concrete
Building_162211016,13746962700,node,West Harlem Church of Christ,church,concrete
Building_162250128,13746962700,node,West Harlem Church of Christ,church,concrete
Building_162250132,13746962700,node,West Harlem Church of Christ,church,concrete
Building_162250134,13746962700,node,West Harlem Church of Christ,church,concrete
Building_162250143,13746962700,node,West Harlem Church of Christ,church,concrete
Building_162250148,13746962700,node,West Harlem Church of Christ,church,concrete
Building_162250155,13746962700,node,West Harlem Church of Christ,church,concrete
Building_162273304,13746962700,node,West Harlem Church of Christ,church,concrete
Building_162295175,3145838438,node,Corpus Christi School,school,concrete
Building_162295176,3145838438,node,Corpus Christi School,school,concrete
Building_162295177,3145838438,node,Corpus Christi School,school,concrete
Building_162295180,3145838438,node,Corpus Christi School,school,concrete
Building_162295182,3145838438,node,Corpus Christi School,school,concrete
Building_162299501,368043238,node,Inwood Hill Park Ecology Center,yes,concrete
Building_162299502,368043238,node,Inwood Hill Park Ecology Center,yes,concrete
Building_162299504,368043238,node,Inwood Hill Park Ecology Center,yes,concrete
Building_162299506,368043238,node,Inwood Hill Park Ecology Center,yes,concrete
Building_162304969,368043238,node,Inwood Hill Park Ecology Center,yes,concrete
Building_162312061,368043238,node,Inwood Hill Park Ecology Center,yes,concrete
Building_162312063,368043238,node,Inwood Hill Park Ecology Center,yes,concrete
Building_162797447,368043238,node,Inwood Hill Park Ecology Center,yes,concrete
Building_163574957,9153637271,node,unnamed,construction,concrete
Building_163615822,12770983688,node,unnamed,yes,concrete
Building_163615823,10287737738,node,unnamed,yes,concrete
Building_164110937,10287737738,node,unnamed,yes,concrete
Building_164110938,10287737738,node,unnamed,yes,concrete
Building_164708968,368062059,node,Greenpoint Home for the Aged,yes,concrete
Building_164708972,9153637261,node,unnamed,construction,concrete
Building_164830068,368062059,node,Greenpoint Home for the Aged,yes,concrete
Building_164830069,368062059,node,Greenpoint Home for the Aged,yes,concrete
Building_164848632,368043412,node,Saint Paul's Center,yes,concrete
Building_164848633,9153637261,node,unnamed,construction,concrete
Building_164848639,368043412,node,Saint Paul's Center,yes,concrete
Building_164848640,368043412,node,Saint Paul's Center,yes,concrete
Building_164848641,368062059,node,Greenpoint Home for the Aged,yes,concrete
Building_164848649,368043415,node,McCarren Park Play Center,yes,concrete
Building_164848651,368043415,node,McCarren Park Play Center,yes,concrete
Building_164848653,368043415,node,McCarren Park Play Center,yes,concrete
Building_164848658,368062059,node,Greenpoint Home for the Aged,yes,concrete
Building_164848659,368062059,node,Greenpoint Home for the Aged,yes,concrete
Building_164853890,9153637261,node,unnamed,construction,concrete
Building_165370805,6816303732,node,Belmont Garage,garage,concrete
Building_165370806,3143934834,node,The Caedmon School,school,concrete
Building_165371399,368055921,node,Warren Building,yes,concrete
Building_165500554,9153637261,node,unnamed,construction,concrete
Building_165737326,368052734,node,Theobald Smith Hall,yes,concrete
Building_165737327,368051232,node,New York City Board of Higher Education Headquarters,public,concrete
Building_165737328,368052734,node,Theobald Smith Hall,yes,concrete
Building_165737329,368052582,node,Founders Hall,yes,concrete
Building_165737330,368052582,node,Founders Hall,yes,concrete
Building_165737331,368052734,node,Theobald Smith Hall,yes,concrete
Building_165737333,368052734,node,Theobald Smith Hall,yes,concrete
Building_165737334,368052734,node,Theobald Smith Hall,yes,concrete
Building_165737335,368052734,node,Theobald Smith Hall,yes,concrete
Building_165737336,368052734,node,Theobald Smith Hall,yes,concrete
Building_165737337,368052734,node,Theobald Smith Hall,yes,concrete
Building_165737338,368052734,node,Theobald Smith Hall,yes,concrete
Building_165737339,368052582,node,Founders Hall,yes,concrete
Building_165737340,368052734,node,Theobald Smith Hall,yes,concrete
Building_165737341,368052734,node,Theobald Smith Hall,yes,concrete
Building_165737342,368052734,node,Theobald Smith Hall,yes,concrete
Building_165739069,368044035,node,Liederkranz Club,yes,concrete
Building_165739070,368044035,node,Liederkranz Club,yes,concrete
Building_165746356,10117419129,node,unnamed,yes,concrete
Building_165746357,10117419129,node,unnamed,yes,concrete
Building_165746358,10117419129,node,unnamed,yes,concrete
Building_165746359,10117419129,node,unnamed,yes,concrete
Building_165746360,10117419129,node,unnamed,yes,concrete
Building_165746361,10117419129,node,unnamed,yes,concrete
Building_165746362,158860981,node,Plaza de los Angeles,apartments,brick/concrete
Building_166139209,2705817244,node,Faculty House,residential,brick/concrete
Building_166139210,368052723,node,John D Rockefeller Junior and David Rockefeller Research Building,yes,concrete
Building_166139211,368052727,node,Plaza Building,yes,concrete
Building_166139212,2705817244,node,Faculty House,residential,brick/concrete
Building_166139314,368052603,node,Caspary Hall,yes,concrete
Building_166155933,368052734,node,Theobald Smith Hall,yes,concrete
Building_166155936,368052734,node,Theobald Smith Hall,yes,concrete
Building_166155937,368052734,node,Theobald Smith Hall,yes,concrete
Building_166155941,368042699,node,C V Starr Pavillion,yes,concrete
Building_166155948,3143934834,node,The Caedmon School,school,concrete
Building_166155959,368052734,node,Theobald Smith Hall,yes,concrete
Building_166155967,368052734,node,Theobald Smith Hall,yes,concrete
Building_166155974,368052734,node,Theobald Smith Hall,yes,concrete
Building_166155984,368051232,node,New York City Board of Higher Education Headquarters,public,concrete
Building_166155986,368051232,node,New York City Board of Higher Education Headquarters,public,concrete
Building_166155989,368051232,node,New York City Board of Higher Education Headquarters,public,concrete
Building_166233537,2439791068,node,The Strand Smokehouse,yes,concrete
Building_166233538,8699111837,node,unnamed,yes,concrete
Building_166233539,8699111837,node,unnamed,yes,concrete
Building_166233540,8699111837,node,unnamed,yes,concrete
Building_166259620,4204715198,node,unnamed,mosque,concrete
Building_166259621,4204715198,node,unnamed,mosque,concrete
Building_166259622,10780125943,node,unnamed,yes,concrete
Building_166259623,4204715198,node,unnamed,mosque,concrete
Building_166259624,4204715198,node,unnamed,mosque,concrete
Building_166259625,10780125943,node,unnamed,yes,concrete
Building_166261404,368055736,node,Hancock Building,yes,concrete
Building_166374893,368055679,node,The Red House,yes,concrete
Building_166374894,368055679,node,The Red House,yes,concrete
Building_166374911,368055679,node,The Red House,yes,concrete
Building_166383909,4231923696,node,Sylvia's Restaurant,yes,concrete
Building_166456153,3145838438,node,Corpus Christi School,school,concrete
Building_166456154,3145838438,node,Corpus Christi School,school,concrete
Building_166456155,13746621748,node,International Ministry,church,concrete
Building_166456156,13746714387,node,City Tabernacle of Seventh-day Adventists,church,concrete
Building_166456157,3145838438,node,Corpus Christi School,school,concrete
Building_166456159,3145838438,node,Corpus Christi School,school,concrete
Building_166456162,3145838438,node,Corpus Christi School,school,concrete
Building_166456163,13746621748,node,International Ministry,church,concrete
Building_166456164,3145838438,node,Corpus Christi School,school,concrete
Building_166456165,13746962700,node,West Harlem Church of Christ,church,concrete
Building_166456166,3145838438,node,Corpus Christi School,school,concrete
Building_166456167,3145838438,node,Corpus Christi School,school,concrete
Building_166456168,13746962700,node,West Harlem Church of Christ,church,concrete
Building_166456169,368043179,node,Castilian Towers,yes,concrete
Building_166456171,368043179,node,Castilian Towers,yes,concrete
Building_166456172,13746714387,node,City Tabernacle of Seventh-day Adventists,church,concrete
Building_166456173,3145838438,node,Corpus Christi School,school,concrete
Building_166456175,3145838438,node,Corpus Christi School,school,concrete
Building_166456176,368043179,node,Castilian Towers,yes,concrete
Building_166456177,3145838438,node,Corpus Christi School,school,concrete
Building_166456178,13746962700,node,West Harlem Church of Christ,church,concrete
Building_166456179,13746621748,node,International Ministry,church,concrete
Building_166456180,13746714387,node,City Tabernacle of Seventh-day Adventists,church,concrete
Building_166456181,13746621748,node,International Ministry,church,concrete
Building_166456182,13746962700,node,West Harlem Church of Christ,church,concrete
Building_166456183,13746621748,node,International Ministry,church,concrete
Building_166456184,3145838438,node,Corpus Christi School,school,concrete
Building_166456186,13746714387,node,City Tabernacle of Seventh-day Adventists,church,concrete
Building_166588787,368043520,node,Bard Haven Towers,yes,concrete
Building_166588794,368043520,node,Bard Haven Towers,yes,concrete
Building_166588796,368043520,node,Bard Haven Towers,yes,concrete
Building_166588798,368043520,node,Bard Haven Towers,yes,concrete
Building_166588799,368043520,node,Bard Haven Towers,yes,concrete
Building_166588800,368043520,node,Bard Haven Towers,yes,concrete
Building_166588804,368043520,node,Bard Haven Towers,yes,concrete
Building_166588806,13746714387,node,City Tabernacle of Seventh-day Adventists,church,concrete
Building_166588812,368043520,node,Bard Haven Towers,yes,concrete
Building_166588816,13746714387,node,City Tabernacle of Seventh-day Adventists,church,concrete
Building_166588818,368043520,node,Bard Haven Towers,yes,concrete
Building_166588820,368043520,node,Bard Haven Towers,yes,concrete
Building_166588822,368043520,node,Bard Haven Towers,yes,concrete
Building_166588823,13746962700,node,West Harlem Church of Christ,church,concrete
Building_166588839,13746714387,node,City Tabernacle of Seventh-day Adventists,church,concrete
Building_166588841,368043520,node,Bard Haven Towers,yes,concrete
Building_166588850,368043520,node,Bard Haven Towers,yes,concrete
Building_166588856,368043520,node,Bard Haven Towers,yes,concrete
Building_166588863,368043520,node,Bard Haven Towers,yes,concrete
Building_166588878,368043520,node,Bard Haven Towers,yes,concrete
Building_166588880,368043520,node,Bard Haven Towers,yes,concrete
Building_166588887,368043520,node,Bard Haven Towers,yes,concrete
Building_166588892,368043520,node,Bard Haven Towers,yes,concrete
Building_166588912,368043520,node,Bard Haven Towers,yes,concrete
Building_166588914,368043520,node,Bard Haven Towers,yes,concrete
Building_166588920,368043520,node,Bard Haven Towers,yes,concrete
Building_166588927,368043520,node,Bard Haven Towers,yes,concrete
Building_166588928,368043520,node,Bard Haven Towers,yes,concrete
Building_166588930,368043520,node,Bard Haven Towers,yes,concrete
Building_166588932,368043520,node,Bard Haven Towers,yes,concrete
Building_166588934,13746714387,node,City Tabernacle of Seventh-day Adventists,church,concrete
Building_166588939,368043520,node,Bard Haven Towers,yes,concrete
Building_166588940,13746962700,node,West Harlem Church of Christ,church,concrete
Building_166588946,13746962700,node,West Harlem Church of Christ,church,concrete
Building_166607240,368043520,node,Bard Haven Towers,yes,concrete
Building_166607241,368043520,node,Bard Haven Towers,yes,concrete
Building_166607242,368043520,node,Bard Haven Towers,yes,concrete
Building_166607243,368043520,node,Bard Haven Towers,yes,concrete
Building_166607244,368043520,node,Bard Haven Towers,yes,concrete
Building_166607246,368043520,node,Bard Haven Towers,yes,concrete
Building_166607247,368043520,node,Bard Haven Towers,yes,concrete
Building_166607248,368043520,node,Bard Haven Towers,yes,concrete
Building_166607249,368043520,node,Bard Haven Towers,yes,concrete
Building_166607250,368043520,node,Bard Haven Towers,yes,concrete
Building_166607251,368043520,node,Bard Haven Towers,yes,concrete
Building_166607252,368043520,node,Bard Haven Towers,yes,concrete
Building_166607253,368043520,node,Bard Haven Towers,yes,concrete
Building_166607254,368043520,node,Bard Haven Towers,yes,concrete
Building_166607255,368043520,node,Bard Haven Towers,yes,concrete
Building_166607257,368043520,node,Bard Haven Towers,yes,concrete
Building_166607258,368043520,node,Bard Haven Towers,yes,concrete
Building_166607260,368043520,node,Bard Haven Towers,yes,concrete
Building_166607262,368043520,node,Bard Haven Towers,yes,concrete
Building_166607263,368043520,node,Bard Haven Towers,yes,concrete
Building_166944065,368043017,node,Catholic Orphan Asylum,yes,concrete
Building_166944066,368043017,node,Catholic Orphan Asylum,yes,concrete
Building_166944067,368043017,node,Catholic Orphan Asylum,yes,concrete
Building_166944070,368043017,node,Catholic Orphan Asylum,yes,concrete
Building_166944071,368043017,node,Catholic Orphan Asylum,yes,concrete
Building_166961536,368043520,node,Bard Haven Towers,yes,concrete
Building_166961538,368043520,node,Bard Haven Towers,yes,concrete
Building_166961539,368043520,node,Bard Haven Towers,yes,concrete
Building_166961541,368043520,node,Bard Haven Towers,yes,concrete
Building_166961544,368043520,node,Bard Haven Towers,yes,concrete
Building_166961546,368043520,node,Bard Haven Towers,yes,concrete
Building_166961549,368043520,node,Bard Haven Towers,yes,concrete
Building_166961550,368043520,node,Bard Haven Towers,yes,concrete
Building_166961552,368043520,node,Bard Haven Towers,yes,concrete
Building_166961554,368043520,node,Bard Haven Towers,yes,concrete
Building_166961556,368043520,node,Bard Haven Towers,yes,concrete
Building_167062608,368043520,node,Bard Haven Towers,yes,concrete
Building_167062611,368043520,node,Bard Haven Towers,yes,concrete
Building_167062612,368043520,node,Bard Haven Towers,yes,concrete
Building_167062614,368043520,node,Bard Haven Towers,yes,concrete
Building_167062615,368043520,node,Bard Haven Towers,yes,concrete
Building_167062617,368043520,node,Bard Haven Towers,yes,concrete
Building_167062618,368043520,node,Bard Haven Towers,yes,concrete
Building_167062620,368043520,node,Bard Haven Towers,yes,concrete
Building_167062621,368043520,node,Bard Haven Towers,yes,concrete
Building_167062622,368043520,node,Bard Haven Towers,yes,concrete
Building_167062623,368043520,node,Bard Haven Towers,yes,concrete
Building_167062628,368043520,node,Bard Haven Towers,yes,concrete
Building_167062630,368043520,node,Bard Haven Towers,yes,concrete
Building_167062631,368043520,node,Bard Haven Towers,yes,concrete
Building_167062632,368043520,node,Bard Haven Towers,yes,concrete
Building_167062634,368043520,node,Bard Haven Towers,yes,concrete
Building_167062635,368043520,node,Bard Haven Towers,yes,concrete
Building_167079841,368044339,node,Thayer Street Telephone Exchange,yes,concrete
Building_167079845,368043520,node,Bard Haven Towers,yes,concrete
Building_167079848,368043520,node,Bard Haven Towers,yes,concrete
Building_167079850,368043520,node,Bard Haven Towers,yes,concrete
Building_167079854,368043520,node,Bard Haven Towers,yes,concrete
Building_167079857,368043520,node,Bard Haven Towers,yes,concrete
Building_167079858,368043520,node,Bard Haven Towers,yes,concrete
Building_167079859,368043520,node,Bard Haven Towers,yes,concrete
Building_167079860,368043520,node,Bard Haven Towers,yes,concrete
Building_167079861,368043520,node,Bard Haven Towers,yes,concrete
Building_168151370,2013022253,node,"Niclab Consulting Group, LLC",yes,concrete
Building_168151371,368043520,node,Bard Haven Towers,yes,concrete
Building_168151372,368043520,node,Bard Haven Towers,yes,concrete
Building_168151373,2013022253,node,"Niclab Consulting Group, LLC",yes,concrete
Building_168151374,368043520,node,Bard Haven Towers,yes,concrete
Building_168151377,368043520,node,Bard Haven Towers,yes,concrete
Building_168151378,368043520,node,Bard Haven Towers,yes,concrete
Building_168151379,368043520,node,Bard Haven Towers,yes,concrete
Building_168151380,368043520,node,Bard Haven Towers,yes,concrete
Building_168151384,2013022253,node,"Niclab Consulting Group, LLC",yes,concrete
Building_168151387,368043520,node,Bard Haven Towers,yes,concrete
Building_169212640,368043179,node,Castilian Towers,yes,concrete
Building_169212641,357611511,node,Mount Cella Baptist Church,yes,concrete
Building_169224310,368043520,node,Bard Haven Towers,yes,concrete
Building_169224311,368043520,node,Bard Haven Towers,yes,concrete
Building_169224312,368043520,node,Bard Haven Towers,yes,concrete
Building_169224313,2013022253,node,"Niclab Consulting Group, LLC",yes,concrete
Building_169224314,368044339,node,Thayer Street Telephone Exchange,yes,concrete
Building_169224317,368043520,node,Bard Haven Towers,yes,concrete
Building_169224321,368044339,node,Thayer Street Telephone Exchange,yes,concrete
Building_169224322,368044339,node,Thayer Street Telephone Exchange,yes,concrete
Building_169224323,368043520,node,Bard Haven Towers,yes,concrete
Building_169224325,368043520,node,Bard Haven Towers,yes,concrete
Building_169224327,2013022253,node,"Niclab Consulting Group, LLC",yes,concrete
Building_169224331,2013022253,node,"Niclab Consulting Group, LLC",yes,concrete
Building_169224332,2013022253,node,"Niclab Consulting Group, LLC",yes,concrete
Building_169224333,368043520,node,Bard Haven Towers,yes,concrete
Building_169224334,368043520,node,Bard Haven Towers,yes,concrete
Building_169224335,368043520,node,Bard Haven Towers,yes,concrete
Building_169224337,2013022253,node,"Niclab Consulting Group, LLC",yes,concrete
Building_169224340,2013022253,node,"Niclab Consulting Group, LLC",yes,concrete
Building_169224341,368044339,node,Thayer Street Telephone Exchange,yes,concrete
Building_169224343,368043520,node,Bard Haven Towers,yes,concrete
Building_169224345,368043520,node,Bard Haven Towers,yes,concrete
Building_169224346,368043520,node,Bard Haven Towers,yes,concrete
Building_169347576,368043520,node,Bard Haven Towers,yes,concrete
Building_169347577,368043520,node,Bard Haven Towers,yes,concrete
Building_169347578,368043520,node,Bard Haven Towers,yes,concrete
Building_169347579,368043520,node,Bard Haven Towers,yes,concrete
Building_169347581,368043520,node,Bard Haven Towers,yes,concrete
Building_169347582,368043520,node,Bard Haven Towers,yes,concrete
Building_169347586,368043520,node,Bard Haven Towers,yes,concrete
Building_169347587,368043520,node,Bard Haven Towers,yes,concrete
Building_169347591,368043520,node,Bard Haven Towers,yes,concrete
Building_169347592,368043520,node,Bard Haven Towers,yes,concrete
Building_169444696,368043520,node,Bard Haven Towers,yes,concrete
Building_169444698,368043520,node,Bard Haven Towers,yes,concrete
Building_169444700,368043520,node,Bard Haven Towers,yes,concrete
Building_169444706,368043520,node,Bard Haven Towers,yes,concrete
Building_169444707,368043520,node,Bard Haven Towers,yes,concrete
Building_169444708,368043520,node,Bard Haven Towers,yes,concrete
Building_169444709,368043520,node,Bard Haven Towers,yes,concrete
Building_169444711,368043520,node,Bard Haven Towers,yes,concrete
Building_169444712,368043520,node,Bard Haven Towers,yes,concrete
Building_169444716,368043520,node,Bard Haven Towers,yes,concrete
Building_169444717,368043520,node,Bard Haven Towers,yes,concrete
Building_169444718,368043520,node,Bard Haven Towers,yes,concrete
Building_169444719,368043520,node,Bard Haven Towers,yes,concrete
Building_169444721,368043520,node,Bard Haven Towers,yes,concrete
Building_169627172,368043017,node,Catholic Orphan Asylum,yes,concrete
Building_169783538,10164025257,node,unnamed,yes,concrete
Building_169837086,368054200,node,Realty Building,yes,concrete
Building_169837087,368054201,node,Harvey Building,yes,concrete
Building_169837088,368054201,node,Harvey Building,yes,concrete
Building_169842489,368054200,node,Realty Building,yes,concrete
Building_169842490,368054200,node,Realty Building,yes,concrete
Building_169842492,158860981,node,Plaza de los Angeles,apartments,brick/concrete
Building_169842493,368054200,node,Realty Building,yes,concrete
Building_169842494,368054200,node,Realty Building,yes,concrete
Building_169842495,368054200,node,Realty Building,yes,concrete
Building_169842496,368054201,node,Harvey Building,yes,concrete
Building_169842498,368054200,node,Realty Building,yes,concrete
Building_169842500,368054200,node,Realty Building,yes,concrete
Building_169842502,368054200,node,Realty Building,yes,concrete
Building_169842504,368054200,node,Realty Building,yes,concrete
Building_169842505,368054200,node,Realty Building,yes,concrete
Building_169842506,158860981,node,Plaza de los Angeles,apartments,brick/concrete
Building_169842508,368054200,node,Realty Building,yes,concrete
Building_169842509,368054200,node,Realty Building,yes,concrete
Building_169842510,368054200,node,Realty Building,yes,concrete
Building_169842513,368054201,node,Harvey Building,yes,concrete
Building_169842514,10780125943,node,unnamed,yes,concrete
Building_169842515,368054200,node,Realty Building,yes,concrete
Building_169842516,368054200,node,Realty Building,yes,concrete
Building_169842585,9153637261,node,unnamed,construction,concrete
Building_169843788,158860981,node,Plaza de los Angeles,apartments,brick/concrete
Building_169843796,158860981,node,Plaza de los Angeles,apartments,brick/concrete
Building_169843797,158860981,node,Plaza de los Angeles,apartments,brick/concrete
Building_169843804,158860981,node,Plaza de los Angeles,apartments,brick/concrete
Building_169843814,158860981,node,Plaza de los Angeles,apartments,brick/concrete
Building_169965781,2013022253,node,"Niclab Consulting Group, LLC",yes,concrete
Building_169965782,2013022253,node,"Niclab Consulting Group, LLC",yes,concrete
Building_170821091,368053319,node,Lexington Building,yes,concrete
Building_170821092,368055893,node,Sage House,yes,concrete
Building_170821094,368043530,node,Neighborhood Preservation Center,yes,concrete
Building_170821095,368043652,node,The Players,yes,concrete
Building_170821099,368051255,node,Building Services Employees International Union Headquarters,public,concrete
Building_170821100,368055736,node,Hancock Building,yes,concrete
Building_170821101,368055740,node,Astor Place Building,yes,concrete
Building_170821102,368055733,node,Stuyvesant-Fish House,yes,concrete
Building_171152265,368055556,node,Manhattan Plaza,yes,concrete
Building_171152266,7653745276,node,unnamed,yes,concrete
Building_171152267,368055556,node,Manhattan Plaza,yes,concrete
Building_171152268,368045660,node,Shirley Goodman Resource Center,yes,concrete
Building_171152270,368055556,node,Manhattan Plaza,yes,concrete
Building_171152271,368055721,node,New York Service Center Manhattan Plaza,yes,concrete
Building_171152273,368045660,node,Shirley Goodman Resource Center,yes,concrete
Building_171152274,7653745276,node,unnamed,yes,concrete
Building_171152275,368045660,node,Shirley Goodman Resource Center,yes,concrete
Building_171152276,368055721,node,New York Service Center Manhattan Plaza,yes,concrete
Building_171152277,7653745276,node,unnamed,yes,concrete
Building_171230686,10732644795,node,The New York Times,yes,concrete
Building_171230687,368055851,node,Coogan Building,yes,concrete
Building_171230689,368055851,node,Coogan Building,yes,concrete
Building_171230691,368055851,node,Coogan Building,yes,concrete
Building_171230692,7237979812,node,Dress Me Up New York,yes,concrete
Building_171230693,368055851,node,Coogan Building,yes,concrete
Building_171230694,368043006,node,Cross Chambers,yes,concrete
Building_171230695,368055851,node,Coogan Building,yes,concrete
Building_171230697,7237979812,node,Dress Me Up New York,yes,concrete
Building_171230698,368043006,node,Cross Chambers,yes,concrete
Building_171230699,10732644795,node,The New York Times,yes,concrete
Building_171282496,368045660,node,Shirley Goodman Resource Center,yes,concrete
Building_171282497,368045660,node,Shirley Goodman Resource Center,yes,concrete
Building_171282500,368045660,node,Shirley Goodman Resource Center,yes,concrete
Building_171282501,7653745276,node,unnamed,yes,concrete
Building_171282503,368043476,node,Portico Place,yes,concrete
Building_171282504,368045660,node,Shirley Goodman Resource Center,yes,concrete
Building_171282507,368045660,node,Shirley Goodman Resource Center,yes,concrete
Building_171282510,368045660,node,Shirley Goodman Resource Center,yes,concrete
Building_171282511,368045660,node,Shirley Goodman Resource Center,yes,concrete
Building_171285867,2706908838,node,Grand Lodge of Free and Accepted Masons,yes,concrete
Building_171285868,368043468,node,The Hampshire,yes,concrete
Building_171285869,368055921,node,Warren Building,yes,concrete
Building_171285870,368055721,node,New York Service Center Manhattan Plaza,yes,concrete
Building_171285871,368055921,node,Warren Building,yes,concrete
Building_171285872,368043476,node,Portico Place,yes,concrete
Building_171285873,2706908838,node,Grand Lodge of Free and Accepted Masons,yes,concrete
Building_171285874,368043476,node,Portico Place,yes,concrete
Building_171285875,368043476,node,Portico Place,yes,concrete
Building_171285876,2706908838,node,Grand Lodge of Free and Accepted Masons,yes,concrete
Building_171285877,2706908838,node,Grand Lodge of Free and Accepted Masons,yes,concrete
Building_171285878,368043476,node,Portico Place,yes,concrete
Building_171285879,368055721,node,New York Service Center Manhattan Plaza,yes,concrete
Building_171285881,368043476,node,Portico Place,yes,concrete
Building_171285882,368043476,node,Portico Place,yes,concrete
Building_171421235,7653745276,node,unnamed,yes,concrete
Building_171421238,368043006,node,Cross Chambers,yes,concrete
Building_171421239,368043006,node,Cross Chambers,yes,concrete
Building_171421241,368055883,node,Gramercy House,yes,concrete
Building_171421243,7237979812,node,Dress Me Up New York,yes,concrete
Building_171421246,368043640,node,Hazelden New York,yes,concrete
Building_171421247,7237979812,node,Dress Me Up New York,yes,concrete
Building_171421250,368055851,node,Coogan Building,yes,concrete
Building_171421252,368043640,node,Hazelden New York,yes,concrete
Building_171421254,10732644795,node,The New York Times,yes,concrete
Building_171421255,368043640,node,Hazelden New York,yes,concrete
Building_171421257,368043640,node,Hazelden New York,yes,concrete
Building_171421258,368055851,node,Coogan Building,yes,concrete
Building_171463852,368051263,node,Unification Church Headquarters,public,concrete
Building_171463853,368043006,node,Cross Chambers,yes,concrete
Building_171463854,368055863,node,Phipps Plaza,yes,concrete
Building_171463858,368055863,node,Phipps Plaza,yes,concrete
Building_171463861,368055863,node,Phipps Plaza,yes,concrete
Building_171463862,368043722,node,The Factory,yes,concrete
Building_171463863,368055863,node,Phipps Plaza,yes,concrete
Building_171463864,368053319,node,Lexington Building,yes,concrete
Building_171463867,368055863,node,Phipps Plaza,yes,concrete
Building_171463868,368055863,node,Phipps Plaza,yes,concrete
Building_171463869,368051263,node,Unification Church Headquarters,public,concrete
Building_171463870,368055863,node,Phipps Plaza,yes,concrete
Building_171463871,368055863,node,Phipps Plaza,yes,concrete
Building_171463872,8711082537,node,unnamed,apartments,brick/concrete
Building_171465014,368043006,node,Cross Chambers,yes,concrete
Building_171465015,368053255,node,Rialto Building,yes,concrete
Building_171465018,368053287,node,Bryant Park Building,yes,concrete
Building_171465019,368043746,node,Bryant Park Studios,yes,concrete
Building_171465020,368043746,node,Bryant Park Studios,yes,concrete
Building_171465021,1706041675,node,Hippodrome,garage,concrete
Building_171465025,368043652,node,The Players,yes,concrete
Building_171465028,368043652,node,The Players,yes,concrete
Building_171465029,368043746,node,Bryant Park Studios,yes,concrete
Building_171465030,368043746,node,Bryant Park Studios,yes,concrete
Building_171465031,368043006,node,Cross Chambers,yes,concrete
Building_171465035,368055556,node,Manhattan Plaza,yes,concrete
Building_171465036,7237979812,node,Dress Me Up New York,yes,concrete
Building_171465037,368043652,node,The Players,yes,concrete
Building_171570900,368043652,node,The Players,yes,concrete
Building_171570902,368043652,node,The Players,yes,concrete
Building_171887754,11502442178,node,The Robert W. Wilson MCC Theater Space,yes,concrete
Building_171887755,11502442178,node,The Robert W. Wilson MCC Theater Space,yes,concrete
Building_171887756,11502442178,node,The Robert W. Wilson MCC Theater Space,yes,concrete
Building_171887757,368055653,node,Lincoln-Amsterdam House,yes,concrete
Building_171887758,368055653,node,Lincoln-Amsterdam House,yes,concrete
Building_171887759,368055653,node,Lincoln-Amsterdam House,yes,concrete
Building_171887760,9446667728,node,Bloom 45,apartments,brick/concrete
Building_171887762,11502442178,node,The Robert W. Wilson MCC Theater Space,yes,concrete
Building_171887764,11502442178,node,The Robert W. Wilson MCC Theater Space,yes,concrete
Building_171887765,11502442178,node,The Robert W. Wilson MCC Theater Space,yes,concrete
Building_171887766,368055653,node,Lincoln-Amsterdam House,yes,concrete
Building_171887768,9446667728,node,Bloom 45,apartments,brick/concrete
Building_171887770,11502442178,node,The Robert W. Wilson MCC Theater Space,yes,concrete
Building_171887771,11502442178,node,The Robert W. Wilson MCC Theater Space,yes,concrete
Building_171887773,11502442178,node,The Robert W. Wilson MCC Theater Space,yes,concrete
Building_171887775,368055653,node,Lincoln-Amsterdam House,yes,concrete
Building_171887777,368043722,node,The Factory,yes,concrete
Building_171887778,368043670,node,Paula Cooper Gallery,yes,brick
Building_171887779,11502442178,node,The Robert W. Wilson MCC Theater Space,yes,concrete
Building_171887781,368043722,node,The Factory,yes,concrete
Building_171887783,11502442178,node,The Robert W. Wilson MCC Theater Space,yes,concrete
Building_171887784,368055653,node,Lincoln-Amsterdam House,yes,concrete
Building_171900527,11502442178,node,The Robert W. Wilson MCC Theater Space,yes,concrete
Building_171900528,368055653,node,Lincoln-Amsterdam House,yes,concrete
Building_171900529,8941772980,node,Atlas Social Club,yes,concrete
Building_171900530,368055653,node,Lincoln-Amsterdam House,yes,concrete
Building_171900531,9446667728,node,Bloom 45,apartments,brick/concrete
Building_171900534,11502442178,node,The Robert W. Wilson MCC Theater Space,yes,concrete
Building_171900535,11502442178,node,The Robert W. Wilson MCC Theater Space,yes,concrete
Building_171900536,9446667728,node,Bloom 45,apartments,brick/concrete
Building_171900539,9446667728,node,Bloom 45,apartments,brick/concrete
Building_171900548,9446667728,node,Bloom 45,apartments,brick/concrete
Building_171900552,368055653,node,Lincoln-Amsterdam House,yes,concrete
Building_171900553,368055653,node,Lincoln-Amsterdam House,yes,concrete
Building_171900554,11502442178,node,The Robert W. Wilson MCC Theater Space,yes,concrete
Building_171900555,11502442178,node,The Robert W. Wilson MCC Theater Space,yes,concrete
Building_171900556,368055653,node,Lincoln-Amsterdam House,yes,concrete
Building_171900557,11502442178,node,The Robert W. Wilson MCC Theater Space,yes,concrete
Building_171900560,368055653,node,Lincoln-Amsterdam House,yes,concrete
Building_171900561,368055653,node,Lincoln-Amsterdam House,yes,concrete
Building_171900562,8941772980,node,Atlas Social Club,yes,concrete
Building_171900563,11502442178,node,The Robert W. Wilson MCC Theater Space,yes,concrete
Building_171900564,11502442178,node,The Robert W. Wilson MCC Theater Space,yes,concrete
Building_171900566,11502442178,node,The Robert W. Wilson MCC Theater Space,yes,concrete
Building_171900567,368055653,node,Lincoln-Amsterdam House,yes,concrete
Building_171900568,11502442178,node,The Robert W. Wilson MCC Theater Space,yes,concrete
Building_171900569,11502442178,node,The Robert W. Wilson MCC Theater Space,yes,concrete
Building_171900570,11502442178,node,The Robert W. Wilson MCC Theater Space,yes,concrete
Building_171900571,11502442178,node,The Robert W. Wilson MCC Theater Space,yes,concrete
Building_171900572,11502442178,node,The Robert W. Wilson MCC Theater Space,yes,concrete
Building_171900573,9446667728,node,Bloom 45,apartments,brick/concrete
Building_171900574,8941772980,node,Atlas Social Club,yes,concrete
Building_171900576,11502442178,node,The Robert W. Wilson MCC Theater Space,yes,concrete
Building_171900577,368055653,node,Lincoln-Amsterdam House,yes,concrete
Building_171900578,368055653,node,Lincoln-Amsterdam House,yes,concrete
Building_171900579,368055653,node,Lincoln-Amsterdam House,yes,concrete
Building_171946078,3819470905,node,M&T Bank,commercial,glass curtain wall
Building_172002624,7653745276,node,unnamed,yes,concrete
Building_172002628,7653745276,node,unnamed,yes,concrete
Building_172005206,7653745276,node,unnamed,yes,concrete
Building_172005207,368055736,node,Hancock Building,yes,concrete
Building_172005209,368055736,node,Hancock Building,yes,concrete
Building_172006481,368043006,node,Cross Chambers,yes,concrete
Building_172008804,368055873,node,East Midtown Plaza,yes,concrete
Building_172008805,368055713,node,Christodora House,yes,concrete
Building_172008806,368043530,node,Neighborhood Preservation Center,yes,concrete
Building_172008808,368043640,node,Hazelden New York,yes,concrete
Building_172019941,368055851,node,Coogan Building,yes,concrete
Building_172019942,368055556,node,Manhattan Plaza,yes,concrete
Building_172019943,368045660,node,Shirley Goodman Resource Center,yes,concrete
Building_172019945,368045660,node,Shirley Goodman Resource Center,yes,concrete
Building_172019949,368045660,node,Shirley Goodman Resource Center,yes,concrete
Building_172019953,368055851,node,Coogan Building,yes,concrete
Building_172019954,368055851,node,Coogan Building,yes,concrete
Building_172020423,368045660,node,Shirley Goodman Resource Center,yes,concrete
Building_172021734,368045660,node,Shirley Goodman Resource Center,yes,concrete
Building_172022953,368045660,node,Shirley Goodman Resource Center,yes,concrete
Building_172022955,368045660,node,Shirley Goodman Resource Center,yes,concrete
Building_172029470,368045660,node,Shirley Goodman Resource Center,yes,concrete
Building_172029471,368045660,node,Shirley Goodman Resource Center,yes,concrete
Building_172029472,368045660,node,Shirley Goodman Resource Center,yes,concrete
Building_172029474,368043476,node,Portico Place,yes,concrete
Building_172029475,368043476,node,Portico Place,yes,concrete
Building_172031008,7237979812,node,Dress Me Up New York,yes,concrete
Building_172031010,7237979812,node,Dress Me Up New York,yes,concrete
Building_172135427,11502442178,node,The Robert W. Wilson MCC Theater Space,yes,concrete
Building_172135428,9446667728,node,Bloom 45,apartments,brick/concrete
Building_172135430,11502442178,node,The Robert W. Wilson MCC Theater Space,yes,concrete
Building_172135431,11502442178,node,The Robert W. Wilson MCC Theater Space,yes,concrete
Building_172135432,11502442178,node,The Robert W. Wilson MCC Theater Space,yes,concrete
Building_172135433,11502442178,node,The Robert W. Wilson MCC Theater Space,yes,concrete
Building_172135435,11502442178,node,The Robert W. Wilson MCC Theater Space,yes,concrete
Building_172136034,9446667728,node,Bloom 45,apartments,brick/concrete
Building_172137381,9446667728,node,Bloom 45,apartments,brick/concrete
Building_172137382,9446667728,node,Bloom 45,apartments,brick/concrete
Building_172138734,11502442178,node,The Robert W. Wilson MCC Theater Space,yes,concrete
Building_172145681,11502442178,node,The Robert W. Wilson MCC Theater Space,yes,concrete
Building_172145683,11502442178,node,The Robert W. Wilson MCC Theater Space,yes,concrete
Building_172145685,11502442178,node,The Robert W. Wilson MCC Theater Space,yes,concrete
Building_172147511,9446667728,node,Bloom 45,apartments,brick/concrete
Building_172147515,9446667728,node,Bloom 45,apartments,brick/concrete
Building_172147526,9446667728,node,Bloom 45,apartments,brick/concrete
Building_172147527,9446667728,node,Bloom 45,apartments,brick/concrete
Building_172149248,368055653,node,Lincoln-Amsterdam House,yes,concrete
Building_172298669,368043722,node,The Factory,yes,concrete
Building_172305439,8941772980,node,Atlas Social Club,yes,concrete
Building_172305442,8941772980,node,Atlas Social Club,yes,concrete
Building_172306876,8651474151,node,1 Central Park,apartments,brick/concrete
Building_172307697,8941772980,node,Atlas Social Club,yes,concrete
Building_172307698,8941772980,node,Atlas Social Club,yes,concrete
Building_172309996,368055653,node,Lincoln-Amsterdam House,yes,concrete
Building_172309997,11502442178,node,The Robert W. Wilson MCC Theater Space,yes,concrete
Building_172309998,11502442178,node,The Robert W. Wilson MCC Theater Space,yes,concrete
Building_172309999,368055653,node,Lincoln-Amsterdam House,yes,concrete
Building_172310002,8651474151,node,1 Central Park,apartments,brick/concrete
Building_172310006,368055653,node,Lincoln-Amsterdam House,yes,concrete
Building_172312073,368055570,node,Steinway Hall,yes,concrete
Building_172312074,368055570,node,Steinway Hall,yes,concrete
Building_172312075,368055570,node,Steinway Hall,yes,concrete
Building_172315107,368044016,node,Permanent Mission of Poland to the U.N.,yes,concrete
Building_172317135,368055570,node,Steinway Hall,yes,concrete
Building_172320765,7630577057,node,unnamed,parking,concrete
Building_172396399,10166042624,node,Consulate General of Poland,yes,concrete
Building_172397102,10166042624,node,Consulate General of Poland,yes,concrete
Building_172397103,10166042624,node,Consulate General of Poland,yes,concrete
Building_172397104,368051263,node,Unification Church Headquarters,public,concrete
Building_172397691,368055570,node,Steinway Hall,yes,concrete
Building_172399434,6816303732,node,Belmont Garage,garage,concrete
Building_172399435,6816303732,node,Belmont Garage,garage,concrete
Building_172399436,6816303732,node,Belmont Garage,garage,concrete
Building_172399440,368044035,node,Liederkranz Club,yes,concrete
Building_172399442,6816303732,node,Belmont Garage,garage,concrete
Building_172399444,6816303732,node,Belmont Garage,garage,concrete
Building_172399445,6816303732,node,Belmont Garage,garage,concrete
Building_172401324,368044035,node,Liederkranz Club,yes,concrete
Building_172401325,368044035,node,Liederkranz Club,yes,concrete
Building_172401327,368044035,node,Liederkranz Club,yes,concrete
Building_172401328,368044035,node,Liederkranz Club,yes,concrete
Building_172401329,368044035,node,Liederkranz Club,yes,concrete
Building_172401330,368044035,node,Liederkranz Club,yes,concrete
Building_172401331,368044035,node,Liederkranz Club,yes,concrete
Building_172403407,368044035,node,Liederkranz Club,yes,concrete
Building_172403409,368044035,node,Liederkranz Club,yes,concrete
Building_172403410,368044035,node,Liederkranz Club,yes,concrete
Building_172403412,368044035,node,Liederkranz Club,yes,concrete
Building_172403414,368044035,node,Liederkranz Club,yes,concrete
Building_172404658,12414899829,node,Lido,yes,concrete
Building_172404659,12414899829,node,Lido,yes,concrete
Building_172404662,12414899829,node,Lido,yes,concrete
Building_172405857,12414899829,node,Lido,yes,concrete
Building_172405859,12414899829,node,Lido,yes,concrete
Building_172405864,368044035,node,Liederkranz Club,yes,concrete
Building_172407007,12414899829,node,Lido,yes,concrete
Building_172407008,12414899829,node,Lido,yes,concrete
Building_172407010,12414899829,node,Lido,yes,concrete
Building_172407011,12414899829,node,Lido,yes,concrete
Building_172407012,12414899829,node,Lido,yes,concrete
Building_172410438,368044035,node,Liederkranz Club,yes,concrete
Building_172410439,368044035,node,Liederkranz Club,yes,concrete
Building_172410442,368044035,node,Liederkranz Club,yes,concrete
Building_172412804,368043468,node,The Hampshire,yes,concrete
Building_172412805,368044035,node,Liederkranz Club,yes,concrete
Building_175094992,3145838438,node,Corpus Christi School,school,concrete
Building_175094994,3145838438,node,Corpus Christi School,school,concrete
Building_175094995,3145838438,node,Corpus Christi School,school,concrete
Building_175094996,3145838438,node,Corpus Christi School,school,concrete
Building_175094997,3145838438,node,Corpus Christi School,school,concrete
Building_175103911,368054200,node,Realty Building,yes,concrete
Building_175103913,368054200,node,Realty Building,yes,concrete
Building_175103914,3819470905,node,M&T Bank,commercial,glass curtain wall
Building_175103916,3819470905,node,M&T Bank,commercial,glass curtain wall
Building_175103917,10780125943,node,unnamed,yes,concrete
Building_175103918,368054200,node,Realty Building,yes,concrete
Building_175103921,368054200,node,Realty Building,yes,concrete
Building_175103922,3819470905,node,M&T Bank,commercial,glass curtain wall
Building_175257279,368043520,node,Bard Haven Towers,yes,concrete
Building_175257280,368043520,node,Bard Haven Towers,yes,concrete
Building_175257281,368043520,node,Bard Haven Towers,yes,concrete
Building_175257282,368043520,node,Bard Haven Towers,yes,concrete
Building_175257284,368043520,node,Bard Haven Towers,yes,concrete
Building_175257290,368043520,node,Bard Haven Towers,yes,concrete
Building_175257292,2013022253,node,"Niclab Consulting Group, LLC",yes,concrete
Building_175257293,368043520,node,Bard Haven Towers,yes,concrete
Building_175257294,368043520,node,Bard Haven Towers,yes,concrete
Building_175257296,2013022253,node,"Niclab Consulting Group, LLC",yes,concrete
Building_175257297,2013022253,node,"Niclab Consulting Group, LLC",yes,concrete
Building_175257298,2013022253,node,"Niclab Consulting Group, LLC",yes,concrete
Building_175257299,368043520,node,Bard Haven Towers,yes,concrete
Building_175257302,368043520,node,Bard Haven Towers,yes,concrete
Building_175257303,368043520,node,Bard Haven Towers,yes,concrete
Building_175257304,368043520,node,Bard Haven Towers,yes,concrete
Building_175257310,368043520,node,Bard Haven Towers,yes,concrete
Building_175260679,368043520,node,Bard Haven Towers,yes,concrete
Building_175260682,368043520,node,Bard Haven Towers,yes,concrete
Building_175260684,368043520,node,Bard Haven Towers,yes,concrete
Building_175260685,368043520,node,Bard Haven Towers,yes,concrete
Building_175419991,2767369945,node,The Cliffs at Harlem,yes,concrete
Building_175419993,8835657109,node,Day Care Center,university,concrete
Building_175419994,368043507,node,New York Structural Biology Center,yes,concrete
Building_175419995,8835657109,node,Day Care Center,university,concrete
Building_175419998,2767369945,node,The Cliffs at Harlem,yes,concrete
Building_175420001,368043507,node,New York Structural Biology Center,yes,concrete
Building_175420003,368043507,node,New York Structural Biology Center,yes,concrete
Building_175420005,8835657109,node,Day Care Center,university,concrete
Building_175420007,8835657109,node,Day Care Center,university,concrete
Building_175420009,8835657109,node,Day Care Center,university,concrete
Building_175420010,368043507,node,New York Structural Biology Center,yes,concrete
Building_175420011,368043507,node,New York Structural Biology Center,yes,concrete
Building_175420012,368043507,node,New York Structural Biology Center,yes,concrete
Building_175420013,8835657109,node,Day Care Center,university,concrete
Building_175421673,368043507,node,New York Structural Biology Center,yes,concrete
Building_175421675,158877293,node,Hamilton Houses,apartments,brick/concrete
Building_175421676,13746734354,node,Iglesia Resplandor de Gloria,church,concrete
Building_175421678,158877293,node,Hamilton Houses,apartments,brick/concrete
Building_175421680,13746734354,node,Iglesia Resplandor de Gloria,church,concrete
Building_175421684,13746734354,node,Iglesia Resplandor de Gloria,church,concrete
Building_175573304,13746621748,node,International Ministry,church,concrete
Building_175573309,13746714387,node,City Tabernacle of Seventh-day Adventists,church,concrete
Building_175573310,13746714387,node,City Tabernacle of Seventh-day Adventists,church,concrete
Building_175573314,13746714387,node,City Tabernacle of Seventh-day Adventists,church,concrete
Building_175573320,13746714387,node,City Tabernacle of Seventh-day Adventists,church,concrete
Building_175574479,13746621748,node,International Ministry,church,concrete
Building_175574480,13746621748,node,International Ministry,church,concrete
Building_175574481,13746621748,node,International Ministry,church,concrete
Building_175576350,13746714387,node,City Tabernacle of Seventh-day Adventists,church,concrete
Building_175576353,13746714387,node,City Tabernacle of Seventh-day Adventists,church,concrete
Building_175576355,13746714387,node,City Tabernacle of Seventh-day Adventists,church,concrete
Building_175576357,13746714387,node,City Tabernacle of Seventh-day Adventists,church,concrete
Building_175576361,13746621748,node,International Ministry,church,concrete
Building_175578500,368043520,node,Bard Haven Towers,yes,concrete
Building_175578503,368043520,node,Bard Haven Towers,yes,concrete
Building_175578506,368043520,node,Bard Haven Towers,yes,concrete
Building_175583591,368043520,node,Bard Haven Towers,yes,concrete
Building_175583592,368043520,node,Bard Haven Towers,yes,concrete
Building_175583594,368043520,node,Bard Haven Towers,yes,concrete
Building_175583595,368043520,node,Bard Haven Towers,yes,concrete
Building_175583596,368043520,node,Bard Haven Towers,yes,concrete
Building_175583597,368043520,node,Bard Haven Towers,yes,concrete
Building_175583598,368043520,node,Bard Haven Towers,yes,concrete
Building_175583600,368043520,node,Bard Haven Towers,yes,concrete
Building_175583603,368043520,node,Bard Haven Towers,yes,concrete
Building_175583605,368043520,node,Bard Haven Towers,yes,concrete
Building_175583607,368043520,node,Bard Haven Towers,yes,concrete
Building_175583609,368043520,node,Bard Haven Towers,yes,concrete
Building_175583610,368043520,node,Bard Haven Towers,yes,concrete
Building_175583611,368043520,node,Bard Haven Towers,yes,concrete
Building_175583612,368043520,node,Bard Haven Towers,yes,concrete
Building_175583613,368043520,node,Bard Haven Towers,yes,concrete
Building_175583615,368043520,node,Bard Haven Towers,yes,concrete
Building_175585094,368043520,node,Bard Haven Towers,yes,concrete
Building_175585095,368043520,node,Bard Haven Towers,yes,concrete
Building_175585097,368043520,node,Bard Haven Towers,yes,concrete
Building_175585098,368043520,node,Bard Haven Towers,yes,concrete
Building_175585102,368043520,node,Bard Haven Towers,yes,concrete
Building_175585104,368043520,node,Bard Haven Towers,yes,concrete
Building_175585105,368043520,node,Bard Haven Towers,yes,concrete
Building_175585107,368043520,node,Bard Haven Towers,yes,concrete
Building_175585108,368043520,node,Bard Haven Towers,yes,concrete
Building_175585506,368043520,node,Bard Haven Towers,yes,concrete
Building_175585507,368043520,node,Bard Haven Towers,yes,concrete
Building_175614797,13746621748,node,International Ministry,church,concrete
Building_175614798,13746621748,node,International Ministry,church,concrete
Building_175614799,13746621748,node,International Ministry,church,concrete
Building_175717988,13746962700,node,West Harlem Church of Christ,church,concrete
Building_175717989,13746714387,node,City Tabernacle of Seventh-day Adventists,church,concrete
Building_175718339,13746714387,node,City Tabernacle of Seventh-day Adventists,church,concrete
Building_175719314,368043520,node,Bard Haven Towers,yes,concrete
Building_175719315,368043520,node,Bard Haven Towers,yes,concrete
Building_175719316,368043520,node,Bard Haven Towers,yes,concrete
Building_175719317,368043520,node,Bard Haven Towers,yes,concrete
Building_175719318,368043520,node,Bard Haven Towers,yes,concrete
Building_175719319,368043520,node,Bard Haven Towers,yes,concrete
Building_175719320,368043520,node,Bard Haven Towers,yes,concrete
Building_175719321,368043520,node,Bard Haven Towers,yes,concrete
Building_175719322,368043520,node,Bard Haven Towers,yes,concrete
Building_175719323,368043520,node,Bard Haven Towers,yes,concrete
Building_175719324,368043520,node,Bard Haven Towers,yes,concrete
Building_175719325,368043520,node,Bard Haven Towers,yes,concrete
Building_175720179,2013022253,node,"Niclab Consulting Group, LLC",yes,concrete
Building_175725005,2013022253,node,"Niclab Consulting Group, LLC",yes,concrete
Building_175777709,368044339,node,Thayer Street Telephone Exchange,yes,concrete
Building_175777710,368044339,node,Thayer Street Telephone Exchange,yes,concrete
Building_175856219,368043520,node,Bard Haven Towers,yes,concrete
Building_175856223,368043520,node,Bard Haven Towers,yes,concrete
Building_175856224,368043520,node,Bard Haven Towers,yes,concrete
Building_175856225,368043520,node,Bard Haven Towers,yes,concrete
Building_175856226,368043520,node,Bard Haven Towers,yes,concrete
Building_175856227,368043520,node,Bard Haven Towers,yes,concrete
Building_175856228,368043520,node,Bard Haven Towers,yes,concrete
Building_175856229,368043520,node,Bard Haven Towers,yes,concrete
Building_175856230,368043520,node,Bard Haven Towers,yes,concrete
Building_175856231,368043520,node,Bard Haven Towers,yes,concrete
Building_175856232,368043520,node,Bard Haven Towers,yes,concrete
Building_175856234,368043520,node,Bard Haven Towers,yes,concrete
Building_175856235,368043520,node,Bard Haven Towers,yes,concrete
Building_175856236,368043520,node,Bard Haven Towers,yes,concrete
Building_175856237,368043520,node,Bard Haven Towers,yes,concrete
Building_176038888,10287737738,node,unnamed,yes,concrete
Building_176038889,10287737738,node,unnamed,yes,concrete
Building_176179115,368043520,node,Bard Haven Towers,yes,concrete
Building_176200413,4204715198,node,unnamed,mosque,concrete
Building_176200415,4204715198,node,unnamed,mosque,concrete
Building_176200416,4204715198,node,unnamed,mosque,concrete
Building_176200417,4204715198,node,unnamed,mosque,concrete
Building_176200418,4204715198,node,unnamed,mosque,concrete
Building_176200419,10287737738,node,unnamed,yes,concrete
Building_176200420,10287737738,node,unnamed,yes,concrete
Building_176200421,4204715198,node,unnamed,mosque,concrete
Building_176200422,4204715198,node,unnamed,mosque,concrete
Building_176200423,4204715198,node,unnamed,mosque,concrete
Building_176200424,4204715198,node,unnamed,mosque,concrete
Building_176200425,4204715198,node,unnamed,mosque,concrete
Building_176200426,4204715198,node,unnamed,mosque,concrete
Building_176200427,10287737738,node,unnamed,yes,concrete
Building_176200428,10287737738,node,unnamed,yes,concrete
Building_176200429,4204715198,node,unnamed,mosque,concrete
Building_176200430,4204715198,node,unnamed,mosque,concrete
Building_176200432,4204715198,node,unnamed,mosque,concrete
Building_176200433,4204715198,node,unnamed,mosque,concrete
Building_176200434,4204715198,node,unnamed,mosque,concrete
Building_176200435,4204715198,node,unnamed,mosque,concrete
Building_176200436,10287737738,node,unnamed,yes,concrete
Building_176200438,4204715198,node,unnamed,mosque,concrete
Building_176200439,4204715198,node,unnamed,mosque,concrete
Building_176318969,368043520,node,Bard Haven Towers,yes,concrete
Building_176318970,368043520,node,Bard Haven Towers,yes,concrete
Building_176318971,368043520,node,Bard Haven Towers,yes,concrete
Building_176318972,368043520,node,Bard Haven Towers,yes,concrete
Building_176318973,368043520,node,Bard Haven Towers,yes,concrete
Building_176318974,368043520,node,Bard Haven Towers,yes,concrete
Building_176318975,368043520,node,Bard Haven Towers,yes,concrete
Building_176318976,368043520,node,Bard Haven Towers,yes,concrete
Building_176318978,368043520,node,Bard Haven Towers,yes,concrete
Building_176318979,368043520,node,Bard Haven Towers,yes,concrete
Building_176318981,368043520,node,Bard Haven Towers,yes,concrete
Building_176318982,368043520,node,Bard Haven Towers,yes,concrete
Building_176318983,368043520,node,Bard Haven Towers,yes,concrete
Building_176318984,368043520,node,Bard Haven Towers,yes,concrete
Building_176318986,368043520,node,Bard Haven Towers,yes,concrete
Building_176318987,368043520,node,Bard Haven Towers,yes,concrete
Building_176318988,368043520,node,Bard Haven Towers,yes,concrete
Building_176318989,368043520,node,Bard Haven Towers,yes,concrete
Building_176318991,368043520,node,Bard Haven Towers,yes,concrete
Building_176318993,368043520,node,Bard Haven Towers,yes,concrete
Building_176321015,368043520,node,Bard Haven Towers,yes,concrete
Building_176321017,368043520,node,Bard Haven Towers,yes,concrete
Building_176321018,368043520,node,Bard Haven Towers,yes,concrete
Building_176321019,368043520,node,Bard Haven Towers,yes,concrete
Building_176321021,368043520,node,Bard Haven Towers,yes,concrete
Building_176321024,368043520,node,Bard Haven Towers,yes,concrete
Building_176321025,368043520,node,Bard Haven Towers,yes,concrete
Building_176321026,368043520,node,Bard Haven Towers,yes,concrete
Building_176321027,368043520,node,Bard Haven Towers,yes,concrete
Building_176321028,368043520,node,Bard Haven Towers,yes,concrete
Building_176321029,368043520,node,Bard Haven Towers,yes,concrete
Building_176321030,368043520,node,Bard Haven Towers,yes,concrete
Building_176321031,368043520,node,Bard Haven Towers,yes,concrete
Building_176321032,368043520,node,Bard Haven Towers,yes,concrete
Building_176321034,368043520,node,Bard Haven Towers,yes,concrete
Building_176321035,368043520,node,Bard Haven Towers,yes,concrete
Building_176321036,368043520,node,Bard Haven Towers,yes,concrete
Building_176321037,368043520,node,Bard Haven Towers,yes,concrete
Building_176477922,3145838438,node,Corpus Christi School,school,concrete
Building_176477923,3145838438,node,Corpus Christi School,school,concrete
Building_176477926,3145838438,node,Corpus Christi School,school,concrete
Building_176477927,3145838438,node,Corpus Christi School,school,concrete
Building_176477928,3145838438,node,Corpus Christi School,school,concrete
Building_176482031,13746714387,node,City Tabernacle of Seventh-day Adventists,church,concrete
Building_176482032,368043520,node,Bard Haven Towers,yes,concrete
Building_176482033,13746714387,node,City Tabernacle of Seventh-day Adventists,church,concrete
Building_176482036,368043520,node,Bard Haven Towers,yes,concrete
Building_176482037,13746962700,node,West Harlem Church of Christ,church,concrete
Building_176482038,13746714387,node,City Tabernacle of Seventh-day Adventists,church,concrete
Building_176482039,368043520,node,Bard Haven Towers,yes,concrete
Building_176482041,13746962700,node,West Harlem Church of Christ,church,concrete
Building_176482043,13746714387,node,City Tabernacle of Seventh-day Adventists,church,concrete
Building_176482044,13746962700,node,West Harlem Church of Christ,church,concrete
Building_176482045,13746714387,node,City Tabernacle of Seventh-day Adventists,church,concrete
Building_176482046,13746714387,node,City Tabernacle of Seventh-day Adventists,church,concrete
Building_176482048,368043520,node,Bard Haven Towers,yes,concrete
Building_176482049,13746714387,node,City Tabernacle of Seventh-day Adventists,church,concrete
Building_176482050,13746714387,node,City Tabernacle of Seventh-day Adventists,church,concrete
Building_176482051,368043520,node,Bard Haven Towers,yes,concrete
Building_176482052,13746714387,node,City Tabernacle of Seventh-day Adventists,church,concrete
Building_176482054,13746714387,node,City Tabernacle of Seventh-day Adventists,church,concrete
Building_176482055,368043520,node,Bard Haven Towers,yes,concrete
Building_176482056,368043520,node,Bard Haven Towers,yes,concrete
Building_176482057,13746714387,node,City Tabernacle of Seventh-day Adventists,church,concrete
Building_176482058,13746714387,node,City Tabernacle of Seventh-day Adventists,church,concrete
Building_176482059,13746962700,node,West Harlem Church of Christ,church,concrete
Building_176482060,13746714387,node,City Tabernacle of Seventh-day Adventists,church,concrete
Building_176482061,13746714387,node,City Tabernacle of Seventh-day Adventists,church,concrete
Building_176482062,368043520,node,Bard Haven Towers,yes,concrete
Building_176482953,13746714387,node,City Tabernacle of Seventh-day Adventists,church,concrete
Building_176482954,13746714387,node,City Tabernacle of Seventh-day Adventists,church,concrete
Building_176482958,13746714387,node,City Tabernacle of Seventh-day Adventists,church,concrete
Building_176482960,13746714387,node,City Tabernacle of Seventh-day Adventists,church,concrete
Building_176482961,13746714387,node,City Tabernacle of Seventh-day Adventists,church,concrete
Building_176482962,13746714387,node,City Tabernacle of Seventh-day Adventists,church,concrete
Building_176482963,13746714387,node,City Tabernacle of Seventh-day Adventists,church,concrete
Building_176482964,13746714387,node,City Tabernacle of Seventh-day Adventists,church,concrete
Building_176482967,13746714387,node,City Tabernacle of Seventh-day Adventists,church,concrete
Building_176482968,13746714387,node,City Tabernacle of Seventh-day Adventists,church,concrete
Building_176486643,13746962700,node,West Harlem Church of Christ,church,concrete
Building_176486644,13746962700,node,West Harlem Church of Christ,church,concrete
Building_176486645,13746962700,node,West Harlem Church of Christ,church,concrete
Building_176486646,13746962700,node,West Harlem Church of Christ,church,concrete
Building_176486647,13746962700,node,West Harlem Church of Christ,church,concrete
Building_176486648,13746962700,node,West Harlem Church of Christ,church,concrete
Building_176486649,13746962700,node,West Harlem Church of Christ,church,concrete
Building_176488463,13746962700,node,West Harlem Church of Christ,church,concrete
Building_176488464,13746962700,node,West Harlem Church of Christ,church,concrete
Building_176488468,13746962700,node,West Harlem Church of Christ,church,concrete
Building_176488469,13746962700,node,West Harlem Church of Christ,church,concrete
Building_176491753,13746962700,node,West Harlem Church of Christ,church,concrete
Building_176491754,13746962700,node,West Harlem Church of Christ,church,concrete
Building_176493193,13746962700,node,West Harlem Church of Christ,church,concrete
Building_176493195,13746962700,node,West Harlem Church of Christ,church,concrete
Building_176493199,13746962700,node,West Harlem Church of Christ,church,concrete
Building_176493200,13746962700,node,West Harlem Church of Christ,church,concrete
Building_176493201,13746962700,node,West Harlem Church of Christ,church,concrete
Building_176493202,13746962700,node,West Harlem Church of Christ,church,concrete
Building_176494086,13746962700,node,West Harlem Church of Christ,church,concrete
Building_176494088,3145838438,node,Corpus Christi School,school,concrete
Building_176494089,3145838438,node,Corpus Christi School,school,concrete
Building_176495676,13746962700,node,West Harlem Church of Christ,church,concrete
Building_176495677,13746962700,node,West Harlem Church of Christ,church,concrete
Building_176495678,3145838438,node,Corpus Christi School,school,concrete
Building_176495679,3145838438,node,Corpus Christi School,school,concrete
Building_176496583,3145838438,node,Corpus Christi School,school,concrete
Building_176496585,3145838438,node,Corpus Christi School,school,concrete
Building_176496591,3145838438,node,Corpus Christi School,school,concrete
Building_176504592,368043520,node,Bard Haven Towers,yes,concrete
Building_176504593,368043520,node,Bard Haven Towers,yes,concrete
Building_176504594,368043520,node,Bard Haven Towers,yes,concrete
Building_176504595,368043520,node,Bard Haven Towers,yes,concrete
Building_176504596,368043520,node,Bard Haven Towers,yes,concrete
Building_176504597,368043520,node,Bard Haven Towers,yes,concrete
Building_176504600,13746621748,node,International Ministry,church,concrete
Building_176504601,368043520,node,Bard Haven Towers,yes,concrete
Building_176504602,368043520,node,Bard Haven Towers,yes,concrete
Building_176504603,368043520,node,Bard Haven Towers,yes,concrete
Building_176504604,368043520,node,Bard Haven Towers,yes,concrete
Building_176504605,368043520,node,Bard Haven Towers,yes,concrete
Building_176504606,13746621748,node,International Ministry,church,concrete
Building_177143280,368043017,node,Catholic Orphan Asylum,yes,concrete
Building_177143281,368043017,node,Catholic Orphan Asylum,yes,concrete
Building_177143282,368043017,node,Catholic Orphan Asylum,yes,concrete
Building_177143284,368043017,node,Catholic Orphan Asylum,yes,concrete
Building_177143285,368043017,node,Catholic Orphan Asylum,yes,concrete
Building_177143286,368043017,node,Catholic Orphan Asylum,yes,concrete
Building_179837548,368055679,node,The Red House,yes,concrete
Building_179837563,368055679,node,The Red House,yes,concrete
Building_179837568,368055679,node,The Red House,yes,concrete
Building_182357077,4758938134,node,Building 9,yes,concrete
Building_182357081,4758938134,node,Building 9,yes,concrete
Building_190447473,368043017,node,Catholic Orphan Asylum,yes,concrete
Building_190447475,368043017,node,Catholic Orphan Asylum,yes,concrete
Building_190447477,368043017,node,Catholic Orphan Asylum,yes,concrete
Building_190736501,357611511,node,Mount Cella Baptist Church,yes,concrete
Building_190736502,357611511,node,Mount Cella Baptist Church,yes,concrete
Building_190736503,357611511,node,Mount Cella Baptist Church,yes,concrete
Building_190736504,357611511,node,Mount Cella Baptist Church,yes,concrete
Building_190825138,368051232,node,New York City Board of Higher Education Headquarters,public,concrete
Building_191209734,368055679,node,The Red House,yes,concrete
Building_191212692,368043520,node,Bard Haven Towers,yes,concrete
Building_191212693,368043520,node,Bard Haven Towers,yes,concrete
Building_191212694,368043520,node,Bard Haven Towers,yes,concrete
Building_191212696,368043520,node,Bard Haven Towers,yes,concrete
Building_191212697,368043520,node,Bard Haven Towers,yes,concrete
Building_191212698,368043520,node,Bard Haven Towers,yes,concrete
Building_191212701,368043520,node,Bard Haven Towers,yes,concrete
Building_191212703,368043520,node,Bard Haven Towers,yes,concrete
Building_191231145,13746714387,node,City Tabernacle of Seventh-day Adventists,church,concrete
Building_191231147,13746714387,node,City Tabernacle of Seventh-day Adventists,church,concrete
Building_191231148,368043520,node,Bard Haven Towers,yes,concrete
Building_191231149,368043520,node,Bard Haven Towers,yes,concrete
Building_191231150,368043520,node,Bard Haven Towers,yes,concrete
Building_191231151,13746714387,node,City Tabernacle of Seventh-day Adventists,church,concrete
Building_191231153,368043520,node,Bard Haven Towers,yes,concrete
Building_191231154,368043520,node,Bard Haven Towers,yes,concrete
Building_191231156,13746714387,node,City Tabernacle of Seventh-day Adventists,church,concrete
Building_191231157,368043520,node,Bard Haven Towers,yes,concrete
Building_191231159,13746714387,node,City Tabernacle of Seventh-day Adventists,church,concrete
Building_191231161,13746714387,node,City Tabernacle of Seventh-day Adventists,church,concrete
Building_191541099,6816303732,node,Belmont Garage,garage,concrete
Building_191541100,6816303732,node,Belmont Garage,garage,concrete
Building_191541101,6816303732,node,Belmont Garage,garage,concrete
Building_191541522,6816303732,node,Belmont Garage,garage,concrete
Building_191541523,6816303732,node,Belmont Garage,garage,concrete
Building_191541524,6816303732,node,Belmont Garage,garage,concrete
Building_191541526,6816303732,node,Belmont Garage,garage,concrete
Building_191541528,6816303732,node,Belmont Garage,garage,concrete
Building_191541529,6816303732,node,Belmont Garage,garage,concrete
Building_191546263,4758938134,node,Building 9,yes,concrete
Building_191546264,368043380,node,Hamilton Fish Park Play Center,yes,concrete
Building_191546267,368043380,node,Hamilton Fish Park Play Center,yes,concrete
Building_191546268,368055713,node,Christodora House,yes,concrete
Building_191546270,4758938134,node,Building 9,yes,concrete
Building_191546271,4758938134,node,Building 9,yes,concrete
Building_191546272,4758938134,node,Building 9,yes,concrete
Building_191546273,4758938134,node,Building 9,yes,concrete
Building_191546275,4758938134,node,Building 9,yes,concrete
Building_191546277,368043380,node,Hamilton Fish Park Play Center,yes,concrete
Building_191546278,368055713,node,Christodora House,yes,concrete
Building_191546279,4758938134,node,Building 9,yes,concrete
Building_191546281,368043380,node,Hamilton Fish Park Play Center,yes,concrete
Building_191546285,368055713,node,Christodora House,yes,concrete
Building_191546287,368043380,node,Hamilton Fish Park Play Center,yes,concrete
Building_191546289,368055713,node,Christodora House,yes,concrete
Building_191546290,368043380,node,Hamilton Fish Park Play Center,yes,concrete
Building_191546292,368043380,node,Hamilton Fish Park Play Center,yes,concrete
Building_191568704,368055713,node,Christodora House,yes,concrete
Building_191568707,368055863,node,Phipps Plaza,yes,concrete
Building_191568710,368055713,node,Christodora House,yes,concrete
Building_192113342,368043380,node,Hamilton Fish Park Play Center,yes,concrete
Building_192232959,2767633758,node,Fine Fare,retail,concrete
Building_192232960,4231923696,node,Sylvia's Restaurant,yes,concrete
Building_192234621,2767633758,node,Fine Fare,retail,concrete
Building_192234622,2767633758,node,Fine Fare,retail,concrete
Building_192234623,2767633758,node,Fine Fare,retail,concrete
Building_192234624,2767633758,node,Fine Fare,retail,concrete
Building_192234625,2767633758,node,Fine Fare,retail,concrete
Building_192234626,2767633758,node,Fine Fare,retail,concrete
Building_192235931,3819470905,node,M&T Bank,commercial,glass curtain wall
Building_192246620,3819470905,node,M&T Bank,commercial,glass curtain wall
Building_192246621,2767633758,node,Fine Fare,retail,concrete
Building_192246622,4231923696,node,Sylvia's Restaurant,yes,concrete
Building_192248560,2767633758,node,Fine Fare,retail,concrete
Building_192248561,2767633758,node,Fine Fare,retail,concrete
Building_192248829,2767633758,node,Fine Fare,retail,concrete
Building_192250812,2767633758,node,Fine Fare,retail,concrete
Building_192250813,2767633758,node,Fine Fare,retail,concrete
Building_192250814,2767633758,node,Fine Fare,retail,concrete
Building_192253138,2767633758,node,Fine Fare,retail,concrete
Building_192253139,2767633758,node,Fine Fare,retail,concrete
Building_192254239,2767633758,node,Fine Fare,retail,concrete
Building_192254240,2767633758,node,Fine Fare,retail,concrete
Building_192254241,2767633758,node,Fine Fare,retail,concrete
Building_192254243,2767633758,node,Fine Fare,retail,concrete
Building_192254244,2767633758,node,Fine Fare,retail,concrete
Building_192254246,2767633758,node,Fine Fare,retail,concrete
Building_192259387,2767633758,node,Fine Fare,retail,concrete
Building_192260759,2767633758,node,Fine Fare,retail,concrete
Building_192260760,2767633758,node,Fine Fare,retail,concrete
Building_192260761,2767633758,node,Fine Fare,retail,concrete
Building_192260763,2767633758,node,Fine Fare,retail,concrete
Building_192260764,2767633758,node,Fine Fare,retail,concrete
Building_192927911,4204715198,node,unnamed,mosque,concrete
Building_192928056,4204715198,node,unnamed,mosque,concrete
Building_200575098,368055721,node,New York Service Center Manhattan Plaza,yes,concrete
Building_200576556,368055721,node,New York Service Center Manhattan Plaza,yes,concrete
Building_201286459,10164025257,node,unnamed,yes,concrete
Building_201286460,10164025257,node,unnamed,yes,concrete
Building_201286462,10164025257,node,unnamed,yes,concrete
Building_203249907,10164025257,node,unnamed,yes,concrete
Building_203249920,10164025257,node,unnamed,yes,concrete
Building_203760832,368054191,node,Saint Mary's Hall,yes,concrete
Building_203760856,10117419129,node,unnamed,yes,concrete
Building_203760862,10117419129,node,unnamed,yes,concrete
Building_204395814,368055679,node,The Red House,yes,concrete
Building_204544432,9446667728,node,Bloom 45,apartments,brick/concrete
Building_204544434,9446667728,node,Bloom 45,apartments,brick/concrete
Building_205453424,368054200,node,Realty Building,yes,concrete
Building_206113604,368054200,node,Realty Building,yes,concrete
Building_206113608,368054200,node,Realty Building,yes,concrete
Building_206255518,4204715198,node,unnamed,mosque,concrete
Building_206255537,12770983688,node,unnamed,yes,concrete
Building_206268508,10287737738,node,unnamed,yes,concrete
Building_206376728,368043412,node,Saint Paul's Center,yes,concrete
Building_206376736,368043412,node,Saint Paul's Center,yes,concrete
Building_206376756,2439791068,node,The Strand Smokehouse,yes,concrete
Building_207703969,6816303732,node,Belmont Garage,garage,concrete
Building_212711605,2705817544,node,Scholar's Residence,residential,brick/concrete
Building_213842623,368043017,node,Catholic Orphan Asylum,yes,concrete
Building_215389958,368043238,node,Inwood Hill Park Ecology Center,yes,concrete
Building_215391357,368044339,node,Thayer Street Telephone Exchange,yes,concrete
Building_216498357,2013022253,node,"Niclab Consulting Group, LLC",yes,concrete
Building_216613071,368043179,node,Castilian Towers,yes,concrete
Building_216956721,2013022253,node,"Niclab Consulting Group, LLC",yes,concrete
Building_217748794,6231307186,node,Monroe Market,commercial,glass curtain wall
Building_217861585,6816303732,node,Belmont Garage,garage,concrete
Building_217907764,6816303732,node,Belmont Garage,garage,concrete
Building_221854771,368043412,node,Saint Paul's Center,yes,concrete
Building_224261558,13746962700,node,West Harlem Church of Christ,church,concrete
Building_224261561,13746962700,node,West Harlem Church of Christ,church,concrete
Building_224261563,13746962700,node,West Harlem Church of Christ,church,concrete
Building_224655792,368055657,node,Gladys and Roland Harriman Building,yes,concrete
Building_225126949,368055721,node,New York Service Center Manhattan Plaza,yes,concrete
Building_225231055,3145726314,node,The Post Factory,commercial,glass curtain wall
Building_225249052,368043320,node,Washington Court,yes,concrete
Building_225571644,368055713,node,Christodora House,yes,concrete
Building_227825136,368055713,node,Christodora House,yes,concrete
Building_227825138,368055713,node,Christodora House,yes,concrete
Building_227825139,368055713,node,Christodora House,yes,concrete
Building_227825140,368055713,node,Christodora House,yes,concrete
Building_229676051,368051214,node,Fiftyfourth Street Public Bath and Gymnasium,public,concrete
Building_229676052,368051214,node,Fiftyfourth Street Public Bath and Gymnasium,public,concrete
Building_229676053,368051214,node,Fiftyfourth Street Public Bath and Gymnasium,public,concrete
Building_229680560,2705817244,node,Faculty House,residential,brick/concrete
Building_229680561,2705817244,node,Faculty House,residential,brick/concrete
Building_229898939,6816303732,node,Belmont Garage,garage,concrete
Building_23470484,11956502494,node,unnamed,yes,concrete
Building_23470613,11956502494,node,unnamed,yes,concrete
Building_235464569,2767633758,node,Fine Fare,retail,concrete
Building_235552116,4231923696,node,Sylvia's Restaurant,yes,concrete
Building_236093531,368044339,node,Thayer Street Telephone Exchange,yes,concrete
Building_23659404,10780125943,node,unnamed,yes,concrete
Building_23694373,368051232,node,New York City Board of Higher Education Headquarters,public,concrete
Building_23694402,12414899829,node,Lido,yes,concrete
Building_23694476,12414899829,node,Lido,yes,concrete
Building_23694484,3143934834,node,The Caedmon School,school,concrete
Building_23783968,3819470905,node,M&T Bank,commercial,glass curtain wall
Building_242456146,6332361681,node,unnamed,yes,concrete
Building_242629373,3145838438,node,Corpus Christi School,school,concrete
Building_25775191,10117419129,node,unnamed,yes,concrete
Building_25775193,10117419129,node,unnamed,yes,concrete
Building_26194150,8699111837,node,unnamed,yes,concrete
Building_26200689,158860981,node,Plaza de los Angeles,apartments,brick/concrete
Building_26211383,158860981,node,Plaza de los Angeles,apartments,brick/concrete
Building_26216792,3819470905,node,M&T Bank,commercial,glass curtain wall
Building_26216870,3819470905,node,M&T Bank,commercial,glass curtain wall
Building_26216892,3819470905,node,M&T Bank,commercial,glass curtain wall
Building_26269190,368051214,node,Fiftyfourth Street Public Bath and Gymnasium,public,concrete
Building_26344507,9153637271,node,unnamed,construction,concrete
Building_26344576,9153637271,node,unnamed,construction,concrete
Building_263621279,368052666,node,Kips Bay Building,yes,concrete
Building_263621280,3382957013,node,unnamed,house,brick/concrete
Building_263621281,3382957013,node,unnamed,house,brick/concrete
Building_263621282,3382957013,node,unnamed,house,brick/concrete
Building_263621283,368052666,node,Kips Bay Building,yes,concrete
Building_263621284,3382957013,node,unnamed,house,brick/concrete
Building_26378099,10287737738,node,unnamed,yes,concrete
Building_26378100,10287737738,node,unnamed,yes,concrete
Building_26378136,10287737738,node,unnamed,yes,concrete
Building_26378137,10287737738,node,unnamed,yes,concrete
Building_26378138,10287737738,node,unnamed,yes,concrete
Building_26378139,10287737738,node,unnamed,yes,concrete
Building_266532309,3574404393,node,Alamo,yes,concrete
Building_26987089,10287737738,node,unnamed,yes,concrete
Building_26987090,10287737738,node,unnamed,yes,concrete
Building_26987091,10287737738,node,unnamed,yes,concrete
Building_26987093,368043412,node,Saint Paul's Center,yes,concrete
Building_26987097,10287737738,node,unnamed,yes,concrete
Building_26987098,10287737738,node,unnamed,yes,concrete
Building_26987100,10287737738,node,unnamed,yes,concrete
Building_26987102,368043412,node,Saint Paul's Center,yes,concrete
Building_26987566,3145838438,node,Corpus Christi School,school,concrete
Building_27090727,368043412,node,Saint Paul's Center,yes,concrete
Building_273015950,9153637271,node,unnamed,construction,concrete
Building_273016497,3843628369,node,UN Halal,no,concrete
Building_27370202,12232476848,node,unnamed,yes,concrete
Building_274090660,3843628369,node,UN Halal,no,concrete
Building_27411570,10164025257,node,unnamed,yes,concrete
Building_27539153,368044035,node,Liederkranz Club,yes,concrete
Building_27546289,10164025257,node,unnamed,yes,concrete
Building_27558188,11956502494,node,unnamed,yes,concrete
Building_28342851,11956502494,node,unnamed,yes,concrete
Building_28342864,11956502494,node,unnamed,yes,concrete
Building_28342897,4758938134,node,Building 9,yes,concrete
Building_28342943,11956502494,node,unnamed,yes,concrete
Building_28342985,368062059,node,Greenpoint Home for the Aged,yes,concrete
Building_28343062,368062059,node,Greenpoint Home for the Aged,yes,concrete
Building_28343083,4758938134,node,Building 9,yes,concrete
Building_28364196,4758938134,node,Building 9,yes,concrete
Building_28364204,4758938134,node,Building 9,yes,concrete
Building_28364251,4758938134,node,Building 9,yes,concrete
Building_28364358,4758938134,node,Building 9,yes,concrete
Building_28364438,11956502494,node,unnamed,yes,concrete
Building_28364543,368055713,node,Christodora House,yes,concrete
Building_28364576,368055713,node,Christodora House,yes,concrete
Building_28364981,368043380,node,Hamilton Fish Park Play Center,yes,concrete
Building_289755907,368055679,node,The Red House,yes,concrete
Building_29208203,368044339,node,Thayer Street Telephone Exchange,yes,concrete
Building_296451640,3145838438,node,Corpus Christi School,school,concrete
Building_296451641,3145838438,node,Corpus Christi School,school,concrete
Building_296451642,3145838438,node,Corpus Christi School,school,concrete
Building_296451643,3145838438,node,Corpus Christi School,school,concrete
Building_296451644,3145838438,node,Corpus Christi School,school,concrete
Building_296451645,3145838438,node,Corpus Christi School,school,concrete
Building_296485517,6816303732,node,Belmont Garage,garage,concrete
Building_299736826,3843628369,node,UN Halal,no,concrete
Building_301629107,2013022253,node,"Niclab Consulting Group, LLC",yes,concrete
Building_303098368,8651474151,node,1 Central Park,apartments,brick/concrete
Building_303098372,8651474151,node,1 Central Park,apartments,brick/concrete
Building_303098373,8651474151,node,1 Central Park,apartments,brick/concrete
Building_303098374,8651474151,node,1 Central Park,apartments,brick/concrete
Building_303098376,8651474151,node,1 Central Park,apartments,brick/concrete
Building_303098377,8651474151,node,1 Central Park,apartments,brick/concrete
Building_303098378,8651474151,node,1 Central Park,apartments,brick/concrete
Building_303098379,8651474151,node,1 Central Park,apartments,brick/concrete
Building_303098380,8651474151,node,1 Central Park,apartments,brick/concrete
Building_304214826,7237979812,node,Dress Me Up New York,yes,concrete
Building_304214827,7237979812,node,Dress Me Up New York,yes,concrete
Building_305121410,3145726314,node,The Post Factory,commercial,glass curtain wall
Building_309247665,368043520,node,Bard Haven Towers,yes,concrete
Building_31095754,368043520,node,Bard Haven Towers,yes,concrete
Building_316098371,2013022253,node,"Niclab Consulting Group, LLC",yes,concrete
Building_31770339,11956502494,node,unnamed,yes,concrete
Building_31773757,11956502494,node,unnamed,yes,concrete
Building_31774332,11956502494,node,unnamed,yes,concrete
Building_31775561,4204715198,node,unnamed,mosque,concrete
Building_32543572,368043670,node,Paula Cooper Gallery,yes,brick
Building_329732237,5133630723,node,Sheffield Mansion (The Nanny),yes,concrete
Building_329732238,5133630723,node,Sheffield Mansion (The Nanny),yes,concrete
Building_329732239,5133630723,node,Sheffield Mansion (The Nanny),yes,concrete
Building_33181398,368043412,node,Saint Paul's Center,yes,concrete
Building_334473980,368044339,node,Thayer Street Telephone Exchange,yes,concrete
Building_335049223,11956502494,node,unnamed,yes,concrete
Building_335084963,368045660,node,Shirley Goodman Resource Center,yes,concrete
Building_335604932,9446667728,node,Bloom 45,apartments,brick/concrete
Building_340661198,10287737738,node,unnamed,yes,concrete
Building_351652667,158860981,node,Plaza de los Angeles,apartments,brick/concrete
Building_356499923,12414899829,node,Lido,yes,concrete
Building_36292903,368055679,node,The Red House,yes,concrete
Building_36292904,368055679,node,The Red House,yes,concrete
Building_36292905,368055679,node,The Red House,yes,concrete
Building_36292906,368055679,node,The Red House,yes,concrete
Building_36292907,368055679,node,The Red House,yes,concrete
Building_36292908,368055679,node,The Red House,yes,concrete
Building_36292917,368055679,node,The Red House,yes,concrete
Building_36292918,368055679,node,The Red House,yes,concrete
Building_36292919,368055679,node,The Red House,yes,concrete
Building_36292920,368055679,node,The Red House,yes,concrete
Building_36292921,368055679,node,The Red House,yes,concrete
Building_36292922,368055679,node,The Red House,yes,concrete
Building_36292923,368055679,node,The Red House,yes,concrete
Building_36292924,368055679,node,The Red House,yes,concrete
Building_36292925,368055679,node,The Red House,yes,concrete
Building_36292926,368055679,node,The Red House,yes,concrete
Building_36292927,368055679,node,The Red House,yes,concrete
Building_363147744,368043179,node,Castilian Towers,yes,concrete
Building_364031007,368043017,node,Catholic Orphan Asylum,yes,concrete
Building_367298800,3145838438,node,Corpus Christi School,school,concrete
Building_367664940,3145838438,node,Corpus Christi School,school,concrete
Building_368669961,368043179,node,Castilian Towers,yes,concrete
Building_37096341,368062059,node,Greenpoint Home for the Aged,yes,concrete
Building_371339431,12770983688,node,unnamed,yes,concrete
Building_371339432,12770983688,node,unnamed,yes,concrete
Building_372029038,368044339,node,Thayer Street Telephone Exchange,yes,concrete
Building_372486548,368053777,node,Langdon Building,yes,concrete
Building_373906421,10287737738,node,unnamed,yes,concrete
Building_375384962,9153637271,node,unnamed,construction,concrete
Building_37754433,4204715198,node,unnamed,mosque,concrete
Building_37802806,3145726314,node,The Post Factory,commercial,glass curtain wall
Building_37802807,3145726314,node,The Post Factory,commercial,glass curtain wall
Building_37802808,3145726314,node,The Post Factory,commercial,glass curtain wall
Building_37802809,3145726314,node,The Post Factory,commercial,glass curtain wall
Building_37802810,3145726314,node,The Post Factory,commercial,glass curtain wall
Building_378294931,2767633758,node,Fine Fare,retail,concrete
Building_37915847,357611511,node,Mount Cella Baptist Church,yes,concrete
Building_37915851,10117419129,node,unnamed,yes,concrete
Building_37915855,357611511,node,Mount Cella Baptist Church,yes,concrete
Building_37930405,11956502494,node,unnamed,yes,concrete
Building_38006429,10287737738,node,unnamed,yes,concrete
Building_388188869,7653745276,node,unnamed,yes,concrete
Building_39185760,6231307186,node,Monroe Market,commercial,glass curtain wall
Building_393081416,368043415,node,McCarren Park Play Center,yes,concrete
Building_394391085,2013022253,node,"Niclab Consulting Group, LLC",yes,concrete
Building_394403081,2013022253,node,"Niclab Consulting Group, LLC",yes,concrete
Building_39640956,4758938134,node,Building 9,yes,concrete
Building_3986793,6231307186,node,Monroe Market,commercial,glass curtain wall
Building_3986794,6231307186,node,Monroe Market,commercial,glass curtain wall
Building_3986814,11502442178,node,The Robert W. Wilson MCC Theater Space,yes,concrete
Building_3987096,368043670,node,Paula Cooper Gallery,yes,brick
Building_3987097,368043670,node,Paula Cooper Gallery,yes,brick
Building_3987098,368043670,node,Paula Cooper Gallery,yes,brick
Building_3987099,368043670,node,Paula Cooper Gallery,yes,brick
Building_3987100,368043670,node,Paula Cooper Gallery,yes,brick
Building_3987101,368043670,node,Paula Cooper Gallery,yes,brick
Building_3987102,368043670,node,Paula Cooper Gallery,yes,brick
Building_3987103,368043670,node,Paula Cooper Gallery,yes,brick
Building_3987104,368043670,node,Paula Cooper Gallery,yes,brick
Building_3987106,368043670,node,Paula Cooper Gallery,yes,brick
Building_3987107,368043670,node,Paula Cooper Gallery,yes,brick
Building_3987110,368043670,node,Paula Cooper Gallery,yes,brick
Building_3987111,368043670,node,Paula Cooper Gallery,yes,brick
Building_3993012,3145838438,node,Corpus Christi School,school,concrete
Building_400160677,2705817544,node,Scholar's Residence,residential,brick/concrete
Building_400160678,9153637271,node,unnamed,construction,concrete
Building_400160679,9153637271,node,unnamed,construction,concrete
Building_400160680,9153637271,node,unnamed,construction,concrete
Building_400160681,9153637271,node,unnamed,construction,concrete
Building_400160682,2705817544,node,Scholar's Residence,residential,brick/concrete
Building_400160683,9153637271,node,unnamed,construction,concrete
Building_400160684,9153637271,node,unnamed,construction,concrete
Building_400160685,2705817544,node,Scholar's Residence,residential,brick/concrete
Building_400160686,9153637271,node,unnamed,construction,concrete
Building_408936770,8941772980,node,Atlas Social Club,yes,concrete
Building_408942229,5133630723,node,Sheffield Mansion (The Nanny),yes,concrete
Building_408942231,5133630723,node,Sheffield Mansion (The Nanny),yes,concrete
Building_408943016,5133630723,node,Sheffield Mansion (The Nanny),yes,concrete
Building_408945080,5133630723,node,Sheffield Mansion (The Nanny),yes,concrete
Building_40900608,368062059,node,Greenpoint Home for the Aged,yes,concrete
Building_40900612,11956502494,node,unnamed,yes,concrete
Building_40937938,9153637271,node,unnamed,construction,concrete
Building_40937939,9153637271,node,unnamed,construction,concrete
Building_40939407,9153637271,node,unnamed,construction,concrete
Building_4273290,3843628369,node,UN Halal,no,concrete
Building_429849582,11956502494,node,unnamed,yes,concrete
Building_429849583,11956502494,node,unnamed,yes,concrete
Building_430114046,368044339,node,Thayer Street Telephone Exchange,yes,concrete
Building_430114066,368044339,node,Thayer Street Telephone Exchange,yes,concrete
Building_430114072,368044339,node,Thayer Street Telephone Exchange,yes,concrete
Building_430114076,368044339,node,Thayer Street Telephone Exchange,yes,concrete
Building_430114080,368044339,node,Thayer Street Telephone Exchange,yes,concrete
Building_430114085,368044339,node,Thayer Street Telephone Exchange,yes,concrete
Building_430114087,368044339,node,Thayer Street Telephone Exchange,yes,concrete
Building_430114093,368044339,node,Thayer Street Telephone Exchange,yes,concrete
Building_430114101,368044339,node,Thayer Street Telephone Exchange,yes,concrete
Building_430114105,368044339,node,Thayer Street Telephone Exchange,yes,concrete
Building_430114145,368044339,node,Thayer Street Telephone Exchange,yes,concrete
Building_430319571,368055679,node,The Red House,yes,concrete
Building_430553164,2767369945,node,The Cliffs at Harlem,yes,concrete
Building_430553193,12046346528,node,Vince,yes,concrete
Building_430553223,368043507,node,New York Structural Biology Center,yes,concrete
Building_430553232,8835657109,node,Day Care Center,university,concrete
Building_430553238,12046346528,node,Vince,yes,concrete
Building_430553246,158877293,node,Hamilton Houses,apartments,brick/concrete
Building_430553262,158877293,node,Hamilton Houses,apartments,brick/concrete
Building_430553265,368043520,node,Bard Haven Towers,yes,concrete
Building_430553266,368043520,node,Bard Haven Towers,yes,concrete
Building_430553271,13746962700,node,West Harlem Church of Christ,church,concrete
Building_430553276,158877293,node,Hamilton Houses,apartments,brick/concrete
Building_430553289,158877293,node,Hamilton Houses,apartments,brick/concrete
Building_430553291,13746962700,node,West Harlem Church of Christ,church,concrete
Building_430553292,158877293,node,Hamilton Houses,apartments,brick/concrete
Building_430553293,158877293,node,Hamilton Houses,apartments,brick/concrete
Building_430553297,158877293,node,Hamilton Houses,apartments,brick/concrete
Building_430553301,158877293,node,Hamilton Houses,apartments,brick/concrete
Building_430553305,13746962700,node,West Harlem Church of Christ,church,concrete
Building_430553309,158877293,node,Hamilton Houses,apartments,brick/concrete
Building_430553319,158877293,node,Hamilton Houses,apartments,brick/concrete
Building_430553323,158877293,node,Hamilton Houses,apartments,brick/concrete
Building_430553327,13746962700,node,West Harlem Church of Christ,church,concrete
Building_430553330,158877293,node,Hamilton Houses,apartments,brick/concrete
Building_430553337,158877293,node,Hamilton Houses,apartments,brick/concrete
Building_430553350,13746962700,node,West Harlem Church of Christ,church,concrete
Building_430553359,8835657109,node,Day Care Center,university,concrete
Building_430553371,12046346528,node,Vince,yes,concrete
Building_430553372,13746962700,node,West Harlem Church of Christ,church,concrete
Building_430553384,13746962700,node,West Harlem Church of Christ,church,concrete
Building_430553415,2767369945,node,The Cliffs at Harlem,yes,concrete
Building_430553439,2767369945,node,The Cliffs at Harlem,yes,concrete
Building_430553442,12046346528,node,Vince,yes,concrete
Building_45827856,368044035,node,Liederkranz Club,yes,concrete
Building_465404854,3843628369,node,UN Halal,no,concrete
Building_47379888,368055740,node,Astor Place Building,yes,concrete
Building_47379890,4073164818,node,unnamed,construction,concrete
Building_47379891,368055736,node,Hancock Building,yes,concrete
Building_479033673,368043380,node,Hamilton Fish Park Play Center,yes,concrete
Building_481937107,368054200,node,Realty Building,yes,concrete
Building_482007153,368044035,node,Liederkranz Club,yes,concrete
Building_48204301,368043670,node,Paula Cooper Gallery,yes,brick
Building_48204310,368043579,node,River's Edge,yes,concrete
Building_48439096,6332361681,node,unnamed,yes,concrete
Building_48439144,6332361681,node,unnamed,yes,concrete
Building_48439189,6332361681,node,unnamed,yes,concrete
Building_48439209,6332361681,node,unnamed,yes,concrete
Building_48439224,6332361681,node,unnamed,yes,concrete
Building_48439353,6332361681,node,unnamed,yes,concrete
Building_48439985,2767633758,node,Fine Fare,retail,concrete
Building_48472492,368043579,node,River's Edge,yes,concrete
Building_48519447,368043670,node,Paula Cooper Gallery,yes,brick
Building_48519449,368043670,node,Paula Cooper Gallery,yes,brick
Building_48519450,368043670,node,Paula Cooper Gallery,yes,brick
Building_48519451,368043670,node,Paula Cooper Gallery,yes,brick
Building_48519452,368043670,node,Paula Cooper Gallery,yes,brick
Building_48519453,368043670,node,Paula Cooper Gallery,yes,brick
Building_48519454,368043670,node,Paula Cooper Gallery,yes,brick
Building_48519455,368043670,node,Paula Cooper Gallery,yes,brick
Building_48519456,368043670,node,Paula Cooper Gallery,yes,brick
Building_48519457,368043670,node,Paula Cooper Gallery,yes,brick
Building_48519458,368043670,node,Paula Cooper Gallery,yes,brick
Building_48519459,368043670,node,Paula Cooper Gallery,yes,brick
Building_48519460,368043670,node,Paula Cooper Gallery,yes,brick
Building_48519461,368043670,node,Paula Cooper Gallery,yes,brick
Building_48519462,368043670,node,Paula Cooper Gallery,yes,brick
Building_48519463,368043670,node,Paula Cooper Gallery,yes,brick
Building_48519464,368043670,node,Paula Cooper Gallery,yes,brick
Building_48519465,368043670,node,Paula Cooper Gallery,yes,brick
Building_48519466,368043670,node,Paula Cooper Gallery,yes,brick
Building_48519467,368043670,node,Paula Cooper Gallery,yes,brick
Building_485472602,368055653,node,Lincoln-Amsterdam House,yes,concrete
Building_485472603,368055653,node,Lincoln-Amsterdam House,yes,concrete
Building_485472604,368055653,node,Lincoln-Amsterdam House,yes,concrete
Building_48629921,6332361681,node,unnamed,yes,concrete
Building_48630013,158877293,node,Hamilton Houses,apartments,brick/concrete
Building_48630040,6332361681,node,unnamed,yes,concrete
Building_48676245,6332361681,node,unnamed,yes,concrete
Building_48676252,158877293,node,Hamilton Houses,apartments,brick/concrete
Building_4937984,10117419129,node,unnamed,yes,concrete
Building_4938368,10117419129,node,unnamed,yes,concrete
Building_4938370,10117419129,node,unnamed,yes,concrete
Building_4938392,10117419129,node,unnamed,yes,concrete
Building_4938539,10117419129,node,unnamed,yes,concrete
Building_4939535,10117419129,node,unnamed,yes,concrete
Building_4939972,10117419129,node,unnamed,yes,concrete
Building_4940183,10117419129,node,unnamed,yes,concrete
Building_496693319,3145838438,node,Corpus Christi School,school,concrete
Building_500707195,368062059,node,Greenpoint Home for the Aged,yes,concrete
Building_500913666,6816303732,node,Belmont Garage,garage,concrete
Building_500913818,6816303732,node,Belmont Garage,garage,concrete
Building_500917458,9153637261,node,unnamed,construction,concrete
Building_500921624,9153637261,node,unnamed,construction,concrete
Building_50926447,368043579,node,River's Edge,yes,concrete
Building_50926448,368043579,node,River's Edge,yes,concrete
Building_50926449,368043579,node,River's Edge,yes,concrete
Building_50926450,368043579,node,River's Edge,yes,concrete
Building_50928339,368043579,node,River's Edge,yes,concrete
Building_50931323,368043579,node,River's Edge,yes,concrete
Building_50931324,368043579,node,River's Edge,yes,concrete
Building_50931325,368043579,node,River's Edge,yes,concrete
Building_50931326,368043579,node,River's Edge,yes,concrete
Building_50931327,368043579,node,River's Edge,yes,concrete
Building_50931328,368043579,node,River's Edge,yes,concrete
Building_50931329,368043579,node,River's Edge,yes,concrete
Building_50931330,368043579,node,River's Edge,yes,concrete
Building_50931331,368043579,node,River's Edge,yes,concrete
Building_50931332,368043579,node,River's Edge,yes,concrete
Building_50931333,368043579,node,River's Edge,yes,concrete
Building_50931334,368043579,node,River's Edge,yes,concrete
Building_50931337,368043579,node,River's Edge,yes,concrete
Building_50931338,368043579,node,River's Edge,yes,concrete
Building_50931339,368043579,node,River's Edge,yes,concrete
Building_50931346,368043579,node,River's Edge,yes,concrete
Building_5094870,368052723,node,John D Rockefeller Junior and David Rockefeller Research Building,yes,concrete
Building_5094871,9153637271,node,unnamed,construction,concrete
Building_5094872,9153637271,node,unnamed,construction,concrete
Building_52114031,368043579,node,River's Edge,yes,concrete
Building_52114032,368043579,node,River's Edge,yes,concrete
Building_52114033,368043579,node,River's Edge,yes,concrete
Building_52114035,368043579,node,River's Edge,yes,concrete
Building_52114036,368043579,node,River's Edge,yes,concrete
Building_52114037,368043579,node,River's Edge,yes,concrete
Building_52114038,368043579,node,River's Edge,yes,concrete
Building_52114039,368043579,node,River's Edge,yes,concrete
Building_52114040,368043579,node,River's Edge,yes,concrete
Building_52114041,368043579,node,River's Edge,yes,concrete
Building_52114042,368043579,node,River's Edge,yes,concrete
Building_52114043,368043579,node,River's Edge,yes,concrete
Building_52114044,368043579,node,River's Edge,yes,concrete
Building_52114045,368043579,node,River's Edge,yes,concrete
Building_52114046,368043579,node,River's Edge,yes,concrete
Building_52114047,368043579,node,River's Edge,yes,concrete
Building_52114048,368043579,node,River's Edge,yes,concrete
Building_52114049,368043579,node,River's Edge,yes,concrete
Building_52114051,368043579,node,River's Edge,yes,concrete
Building_52114052,368043579,node,River's Edge,yes,concrete
Building_52114053,368043579,node,River's Edge,yes,concrete
Building_52114054,368043579,node,River's Edge,yes,concrete
Building_52114055,368043579,node,River's Edge,yes,concrete
Building_52114056,368043579,node,River's Edge,yes,concrete
Building_52114057,368043579,node,River's Edge,yes,concrete
Building_52114058,368043579,node,River's Edge,yes,concrete
Building_52114059,368043579,node,River's Edge,yes,concrete
Building_52114060,368043579,node,River's Edge,yes,concrete
Building_52114061,368043579,node,River's Edge,yes,concrete
Building_52114062,368043579,node,River's Edge,yes,concrete
Building_52114063,368043579,node,River's Edge,yes,concrete
Building_52114064,368043579,node,River's Edge,yes,concrete
Building_52114145,368043670,node,Paula Cooper Gallery,yes,brick
Building_52114147,368043670,node,Paula Cooper Gallery,yes,brick
Building_52114148,368043579,node,River's Edge,yes,concrete
Building_52114149,368043579,node,River's Edge,yes,concrete
Building_52114150,368043579,node,River's Edge,yes,concrete
Building_52114151,368043579,node,River's Edge,yes,concrete
Building_52114152,368043579,node,River's Edge,yes,concrete
Building_52114153,368043579,node,River's Edge,yes,concrete
Building_52114154,368043579,node,River's Edge,yes,concrete
Building_52114155,368043579,node,River's Edge,yes,concrete
Building_52114156,368043579,node,River's Edge,yes,concrete
Building_52114157,368043579,node,River's Edge,yes,concrete
Building_52114917,368043579,node,River's Edge,yes,concrete
Building_52114918,368043579,node,River's Edge,yes,concrete
Building_52114919,368043579,node,River's Edge,yes,concrete
Building_52114920,368043579,node,River's Edge,yes,concrete
Building_52114921,368043579,node,River's Edge,yes,concrete
Building_52114922,368043579,node,River's Edge,yes,concrete
Building_52114923,368043579,node,River's Edge,yes,concrete
Building_52114924,368043579,node,River's Edge,yes,concrete
Building_52114926,368043579,node,River's Edge,yes,concrete
Building_52114927,368043579,node,River's Edge,yes,concrete
Building_52114928,368043579,node,River's Edge,yes,concrete
Building_52115102,368043579,node,River's Edge,yes,concrete
Building_52115103,368043579,node,River's Edge,yes,concrete
Building_52115104,368043579,node,River's Edge,yes,concrete
Building_52115105,368043579,node,River's Edge,yes,concrete
Building_52115106,368043579,node,River's Edge,yes,concrete
Building_52115107,368043579,node,River's Edge,yes,concrete
Building_52115108,368043579,node,River's Edge,yes,concrete
Building_52115109,368043579,node,River's Edge,yes,concrete
Building_52115110,368043579,node,River's Edge,yes,concrete
Building_52115111,368043670,node,Paula Cooper Gallery,yes,brick
Building_52115599,368043579,node,River's Edge,yes,concrete
Building_52115600,368043670,node,Paula Cooper Gallery,yes,brick
Building_52115601,368043670,node,Paula Cooper Gallery,yes,brick
Building_52115604,368043670,node,Paula Cooper Gallery,yes,brick
Building_52115606,368043579,node,River's Edge,yes,concrete
Building_52115609,368043670,node,Paula Cooper Gallery,yes,brick
Building_52115611,368043670,node,Paula Cooper Gallery,yes,brick
Building_52115613,368043670,node,Paula Cooper Gallery,yes,brick
Building_52115615,368043670,node,Paula Cooper Gallery,yes,brick
Building_52115616,368043670,node,Paula Cooper Gallery,yes,brick
Building_52115619,368043670,node,Paula Cooper Gallery,yes,brick
Building_52115620,368043670,node,Paula Cooper Gallery,yes,brick
Building_52116754,368043670,node,Paula Cooper Gallery,yes,brick
Building_52116755,368043670,node,Paula Cooper Gallery,yes,brick
Building_52116756,368043670,node,Paula Cooper Gallery,yes,brick
Building_52116757,368043670,node,Paula Cooper Gallery,yes,brick
Building_52116758,368043670,node,Paula Cooper Gallery,yes,brick
Building_52116760,368043670,node,Paula Cooper Gallery,yes,brick
Building_52116761,368043670,node,Paula Cooper Gallery,yes,brick
Building_52116762,368043670,node,Paula Cooper Gallery,yes,brick
Building_52116763,368043670,node,Paula Cooper Gallery,yes,brick
Building_52116764,368043670,node,Paula Cooper Gallery,yes,brick
Building_52116765,368043670,node,Paula Cooper Gallery,yes,brick
Building_52116766,368043670,node,Paula Cooper Gallery,yes,brick
Building_52116767,368043670,node,Paula Cooper Gallery,yes,brick
Building_52116768,368043670,node,Paula Cooper Gallery,yes,brick
Building_52116769,368043670,node,Paula Cooper Gallery,yes,brick
Building_52116770,368043670,node,Paula Cooper Gallery,yes,brick
Building_52116771,368043670,node,Paula Cooper Gallery,yes,brick
Building_52116772,368043670,node,Paula Cooper Gallery,yes,brick
Building_52116773,368043670,node,Paula Cooper Gallery,yes,brick
Building_52116774,368043670,node,Paula Cooper Gallery,yes,brick
Building_52116775,368043670,node,Paula Cooper Gallery,yes,brick
Building_52116776,368043670,node,Paula Cooper Gallery,yes,brick
Building_52116778,368043670,node,Paula Cooper Gallery,yes,brick
Building_52116780,368043670,node,Paula Cooper Gallery,yes,brick
Building_52116781,368043670,node,Paula Cooper Gallery,yes,brick
Building_52116782,368043670,node,Paula Cooper Gallery,yes,brick
Building_52116783,368043670,node,Paula Cooper Gallery,yes,brick
Building_52116784,368043670,node,Paula Cooper Gallery,yes,brick
Building_52116785,368043670,node,Paula Cooper Gallery,yes,brick
Building_52116786,368043670,node,Paula Cooper Gallery,yes,brick
Building_52116787,368043670,node,Paula Cooper Gallery,yes,brick
Building_52116788,368043670,node,Paula Cooper Gallery,yes,brick
Building_52116789,368043670,node,Paula Cooper Gallery,yes,brick
Building_52116790,368043670,node,Paula Cooper Gallery,yes,brick
Building_52116791,368043670,node,Paula Cooper Gallery,yes,brick
Building_52116792,368043670,node,Paula Cooper Gallery,yes,brick
Building_52116793,368043670,node,Paula Cooper Gallery,yes,brick
Building_52116794,368043670,node,Paula Cooper Gallery,yes,brick
Building_52116795,368043670,node,Paula Cooper Gallery,yes,brick
Building_52116796,368043670,node,Paula Cooper Gallery,yes,brick
Building_52116797,368043670,node,Paula Cooper Gallery,yes,brick
Building_52116799,368043670,node,Paula Cooper Gallery,yes,brick
Building_52116801,368043670,node,Paula Cooper Gallery,yes,brick
Building_52116803,368043670,node,Paula Cooper Gallery,yes,brick
Building_52116804,368043670,node,Paula Cooper Gallery,yes,brick
Building_52116805,368043670,node,Paula Cooper Gallery,yes,brick
Building_52116806,368043670,node,Paula Cooper Gallery,yes,brick
Building_52116807,368043670,node,Paula Cooper Gallery,yes,brick
Building_52116808,368043670,node,Paula Cooper Gallery,yes,brick
Building_52116809,368043670,node,Paula Cooper Gallery,yes,brick
Building_5236376,9153637271,node,unnamed,construction,concrete
Building_52527598,368043670,node,Paula Cooper Gallery,yes,brick
Building_52527599,368043670,node,Paula Cooper Gallery,yes,brick
Building_52528294,368043670,node,Paula Cooper Gallery,yes,brick
Building_52530441,368043670,node,Paula Cooper Gallery,yes,brick
Building_52530442,368043670,node,Paula Cooper Gallery,yes,brick
Building_52530443,368043670,node,Paula Cooper Gallery,yes,brick
Building_52530444,368043670,node,Paula Cooper Gallery,yes,brick
Building_54563630,368043670,node,Paula Cooper Gallery,yes,brick
Building_548862198,368043468,node,The Hampshire,yes,concrete
Building_5649709,11956502494,node,unnamed,yes,concrete
Building_583379798,11502442178,node,The Robert W. Wilson MCC Theater Space,yes,concrete
Building_583379799,9446667728,node,Bloom 45,apartments,brick/concrete
Building_583379800,9446667728,node,Bloom 45,apartments,brick/concrete
Building_583379801,9446667728,node,Bloom 45,apartments,brick/concrete
Building_58704140,4204715198,node,unnamed,mosque,concrete
Building_58712219,4204715198,node,unnamed,mosque,concrete
Building_58712220,4204715198,node,unnamed,mosque,concrete
Building_587220133,2013022253,node,"Niclab Consulting Group, LLC",yes,concrete
Building_587220136,2013022253,node,"Niclab Consulting Group, LLC",yes,concrete
Building_59294560,7241143782,node,Chipotle,yes,concrete
Building_59609430,368062059,node,Greenpoint Home for the Aged,yes,concrete
Building_59620751,368062059,node,Greenpoint Home for the Aged,yes,concrete
Building_60375445,368054201,node,Harvey Building,yes,concrete
Building_60375454,368054201,node,Harvey Building,yes,concrete
Building_60375457,368054201,node,Harvey Building,yes,concrete
Building_60375463,368054201,node,Harvey Building,yes,concrete
Building_628604790,10287737738,node,unnamed,yes,concrete
Building_639745815,2767633758,node,Fine Fare,retail,concrete
Building_653197956,368055570,node,Steinway Hall,yes,concrete
Building_653203590,9446667728,node,Bloom 45,apartments,brick/concrete
Building_663834525,6231307186,node,Monroe Market,commercial,glass curtain wall
Building_665152264,9153637261,node,unnamed,construction,concrete
Building_670071388,10164025257,node,unnamed,yes,concrete
Building_670770425,6231307186,node,Monroe Market,commercial,glass curtain wall
Building_680923100,368052734,node,Theobald Smith Hall,yes,concrete
Building_680923107,368052582,node,Founders Hall,yes,concrete
Building_681094140,368052666,node,Kips Bay Building,yes,concrete
Building_681094142,368052603,node,Caspary Hall,yes,concrete
Building_681114793,368052734,node,Theobald Smith Hall,yes,concrete
Building_681114794,368052734,node,Theobald Smith Hall,yes,concrete
Building_681114797,368052734,node,Theobald Smith Hall,yes,concrete
Building_681114800,368042699,node,C V Starr Pavillion,yes,concrete
Building_695857780,2767633758,node,Fine Fare,retail,concrete
Building_695857781,2767633758,node,Fine Fare,retail,concrete
Building_695857782,2767633758,node,Fine Fare,retail,concrete
Building_695857783,2767633758,node,Fine Fare,retail,concrete
Building_698217901,12414899829,node,Lido,yes,concrete
Building_732942945,368043652,node,The Players,yes,concrete
Building_732942946,368043006,node,Cross Chambers,yes,concrete
Building_761701363,11956502494,node,unnamed,yes,concrete
Building_770024962,13746962700,node,West Harlem Church of Christ,church,concrete
Building_770024963,13746962700,node,West Harlem Church of Christ,church,concrete
Building_770024964,13746962700,node,West Harlem Church of Christ,church,concrete
Building_771358344,10287737738,node,unnamed,yes,concrete
Building_772209672,368044004,node,Republic of Indonesia Delegation To the United Nations,yes,concrete
Building_780057375,2439791068,node,The Strand Smokehouse,yes,concrete
Building_780057383,8699111837,node,unnamed,yes,concrete
Building_780057385,2439791068,node,The Strand Smokehouse,yes,concrete
Building_780388997,2439791068,node,The Strand Smokehouse,yes,concrete
Building_780389013,2439791068,node,The Strand Smokehouse,yes,concrete
Building_780389017,2439791068,node,The Strand Smokehouse,yes,concrete
Building_780634444,368062059,node,Greenpoint Home for the Aged,yes,concrete
Building_78188676,9446667728,node,Bloom 45,apartments,brick/concrete
Building_827854978,368043670,node,Paula Cooper Gallery,yes,brick
Building_827854979,368043670,node,Paula Cooper Gallery,yes,brick
Building_827854980,368043670,node,Paula Cooper Gallery,yes,brick
Building_827854981,368043670,node,Paula Cooper Gallery,yes,brick
Building_827854982,368043670,node,Paula Cooper Gallery,yes,brick
Building_827854983,368043670,node,Paula Cooper Gallery,yes,brick
Building_827854984,368043670,node,Paula Cooper Gallery,yes,brick
Building_827854985,368043579,node,River's Edge,yes,concrete
Building_827854987,368043579,node,River's Edge,yes,concrete
Building_827854988,368043579,node,River's Edge,yes,concrete
Building_827854989,368043579,node,River's Edge,yes,concrete
Building_827854990,368043579,node,River's Edge,yes,concrete
Building_827854991,368043579,node,River's Edge,yes,concrete
Building_827854992,368043579,node,River's Edge,yes,concrete
Building_827854993,368043579,node,River's Edge,yes,concrete
Building_827854994,368043579,node,River's Edge,yes,concrete
Building_827854995,368043579,node,River's Edge,yes,concrete
Building_827854996,368043579,node,River's Edge,yes,concrete
Building_827854997,368043579,node,River's Edge,yes,concrete
Building_827854998,368043579,node,River's Edge,yes,concrete
Building_827854999,368043579,node,River's Edge,yes,concrete
Building_827855000,368043579,node,River's Edge,yes,concrete
Building_827855001,368043579,node,River's Edge,yes,concrete
Building_827855002,368043579,node,River's Edge,yes,concrete
Building_827855003,368043579,node,River's Edge,yes,concrete
Building_827855004,368043670,node,Paula Cooper Gallery,yes,brick
Building_827855005,368043670,node,Paula Cooper Gallery,yes,brick
Building_827855006,368043670,node,Paula Cooper Gallery,yes,brick
Building_837546208,368043179,node,Castilian Towers,yes,concrete
Building_837563606,2013022253,node,"Niclab Consulting Group, LLC",yes,concrete
Building_837563607,2013022253,node,"Niclab Consulting Group, LLC",yes,concrete
Building_837563608,2013022253,node,"Niclab Consulting Group, LLC",yes,concrete
Building_837582478,2013022253,node,"Niclab Consulting Group, LLC",yes,concrete
Building_837582479,2013022253,node,"Niclab Consulting Group, LLC",yes,concrete
Building_837582491,2013022253,node,"Niclab Consulting Group, LLC",yes,concrete
Building_837582495,2013022253,node,"Niclab Consulting Group, LLC",yes,concrete
Building_838601460,368043179,node,Castilian Towers,yes,concrete
Building_838944465,368043179,node,Castilian Towers,yes,concrete
Building_839598276,2013022253,node,"Niclab Consulting Group, LLC",yes,concrete
Building_855161111,368044016,node,Permanent Mission of Poland to the U.N.,yes,concrete
Building_855161112,368044016,node,Permanent Mission of Poland to the U.N.,yes,concrete
Building_855161113,368044016,node,Permanent Mission of Poland to the U.N.,yes,concrete
Building_855161114,368044016,node,Permanent Mission of Poland to the U.N.,yes,concrete
Building_855161115,368044016,node,Permanent Mission of Poland to the U.N.,yes,concrete
Building_855161116,368044016,node,Permanent Mission of Poland to the U.N.,yes,concrete
Building_855161117,368055570,node,Steinway Hall,yes,concrete
Building_855161118,368055570,node,Steinway Hall,yes,concrete
Building_855161119,368055570,node,Steinway Hall,yes,concrete
Building_855161120,12232476848,node,unnamed,yes,concrete
Building_855161121,12232476848,node,unnamed,yes,concrete
Building_855161122,12232476848,node,unnamed,yes,concrete
Building_855161123,12232476848,node,unnamed,yes,concrete
Building_855161124,368044016,node,Permanent Mission of Poland to the U.N.,yes,concrete
Building_855161125,368044016,node,Permanent Mission of Poland to the U.N.,yes,concrete
Building_860363158,368053777,node,Langdon Building,yes,concrete
Building_860363159,368053777,node,Langdon Building,yes,concrete
Building_860363160,368053777,node,Langdon Building,yes,concrete
Building_860363161,368053777,node,Langdon Building,yes,concrete
Building_860363162,368053777,node,Langdon Building,yes,concrete
Building_860363166,368053777,node,Langdon Building,yes,concrete
Building_860363167,368053777,node,Langdon Building,yes,concrete
Building_860363168,368053777,node,Langdon Building,yes,concrete
Building_860363169,368053777,node,Langdon Building,yes,concrete
Building_860363170,368053777,node,Langdon Building,yes,concrete
Building_860363171,368053777,node,Langdon Building,yes,concrete
Building_860363172,368053777,node,Langdon Building,yes,concrete
Building_860363173,368053777,node,Langdon Building,yes,concrete
Building_860363174,368053777,node,Langdon Building,yes,concrete
Building_860363175,368053777,node,Langdon Building,yes,concrete
Building_860363176,368053777,node,Langdon Building,yes,concrete
Building_860363177,368053777,node,Langdon Building,yes,concrete
Building_860363178,368053777,node,Langdon Building,yes,concrete
Building_860363179,368053777,node,Langdon Building,yes,concrete
Building_860363180,368053777,node,Langdon Building,yes,concrete
Building_860363181,368053777,node,Langdon Building,yes,concrete
Building_860363182,368053777,node,Langdon Building,yes,concrete
Building_860363183,368053777,node,Langdon Building,yes,concrete
Building_860363184,3145726314,node,The Post Factory,commercial,glass curtain wall
Building_860363185,3145726314,node,The Post Factory,commercial,glass curtain wall
Building_860363186,3145726314,node,The Post Factory,commercial,glass curtain wall
Building_860363187,3145726314,node,The Post Factory,commercial,glass curtain wall
Building_860363188,3145726314,node,The Post Factory,commercial,glass curtain wall
Building_860363189,3145726314,node,The Post Factory,commercial,glass curtain wall
Building_860363190,3145726314,node,The Post Factory,commercial,glass curtain wall
Building_860363191,3145726314,node,The Post Factory,commercial,glass curtain wall
Building_860363192,3145726314,node,The Post Factory,commercial,glass curtain wall
Building_860363193,3145726314,node,The Post Factory,commercial,glass curtain wall
Building_860363194,3145726314,node,The Post Factory,commercial,glass curtain wall
Building_860363195,3145726314,node,The Post Factory,commercial,glass curtain wall
Building_860363196,3145726314,node,The Post Factory,commercial,glass curtain wall
Building_860363197,3145726314,node,The Post Factory,commercial,glass curtain wall
Building_860363198,3145726314,node,The Post Factory,commercial,glass curtain wall
Building_860363199,3145726314,node,The Post Factory,commercial,glass curtain wall
Building_860363200,3145726314,node,The Post Factory,commercial,glass curtain wall
Building_860363201,3145726314,node,The Post Factory,commercial,glass curtain wall
Building_860363202,3145726314,node,The Post Factory,commercial,glass curtain wall
Building_860363203,3145726314,node,The Post Factory,commercial,glass curtain wall
Building_860363204,3145726314,node,The Post Factory,commercial,glass curtain wall
Building_860363205,3145726314,node,The Post Factory,commercial,glass curtain wall
Building_860363206,3145726314,node,The Post Factory,commercial,glass curtain wall
Building_860363207,3145726314,node,The Post Factory,commercial,glass curtain wall
Building_860363208,3145726314,node,The Post Factory,commercial,glass curtain wall
Building_860363209,3145726314,node,The Post Factory,commercial,glass curtain wall
Building_860363210,3145726314,node,The Post Factory,commercial,glass curtain wall
Building_860363211,3145726314,node,The Post Factory,commercial,glass curtain wall
Building_860363212,3145726314,node,The Post Factory,commercial,glass curtain wall
Building_860363213,3145726314,node,The Post Factory,commercial,glass curtain wall
Building_860363214,368043579,node,River's Edge,yes,concrete
Building_860363215,368043579,node,River's Edge,yes,concrete
Building_860363216,368043579,node,River's Edge,yes,concrete
Building_860363217,368043579,node,River's Edge,yes,concrete
Building_860363218,368043579,node,River's Edge,yes,concrete
Building_860363219,368043579,node,River's Edge,yes,concrete
Building_860363220,368043579,node,River's Edge,yes,concrete
Building_860363221,368043579,node,River's Edge,yes,concrete
Building_860363222,368043579,node,River's Edge,yes,concrete
Building_860363223,368043579,node,River's Edge,yes,concrete
Building_860363224,368043579,node,River's Edge,yes,concrete
Building_860363225,368043579,node,River's Edge,yes,concrete
Building_860363229,3145726314,node,The Post Factory,commercial,glass curtain wall
Building_860363230,3145726314,node,The Post Factory,commercial,glass curtain wall
Building_860363231,3145726314,node,The Post Factory,commercial,glass curtain wall
Building_860363232,3145726314,node,The Post Factory,commercial,glass curtain wall
Building_860363233,3145726314,node,The Post Factory,commercial,glass curtain wall
Building_860363234,368043579,node,River's Edge,yes,concrete
Building_860363235,368043579,node,River's Edge,yes,concrete
Building_860363236,368043579,node,River's Edge,yes,concrete
Building_860363237,368043579,node,River's Edge,yes,concrete
Building_860363238,368053777,node,Langdon Building,yes,concrete
Building_860363239,368053777,node,Langdon Building,yes,concrete
Building_860363240,368053777,node,Langdon Building,yes,concrete
Building_860363241,368053777,node,Langdon Building,yes,concrete
Building_860363242,368053777,node,Langdon Building,yes,concrete
Building_860363243,368053777,node,Langdon Building,yes,concrete
Building_860363244,368053777,node,Langdon Building,yes,concrete
Building_860363245,368053777,node,Langdon Building,yes,concrete
Building_860363246,368053777,node,Langdon Building,yes,concrete
Building_860363247,368053777,node,Langdon Building,yes,concrete
Building_860363248,3145726314,node,The Post Factory,commercial,glass curtain wall
Building_860363249,3145726314,node,The Post Factory,commercial,glass curtain wall
Building_860363250,3145726314,node,The Post Factory,commercial,glass curtain wall
Building_860363251,368053777,node,Langdon Building,yes,concrete
Building_860363252,368053777,node,Langdon Building,yes,concrete
Building_860363253,368053777,node,Langdon Building,yes,concrete
Building_860363254,368053777,node,Langdon Building,yes,concrete
Building_860363255,368053777,node,Langdon Building,yes,concrete
Building_860363256,3145726314,node,The Post Factory,commercial,glass curtain wall
Building_860363257,3145726314,node,The Post Factory,commercial,glass curtain wall
Building_860363258,3145726314,node,The Post Factory,commercial,glass curtain wall
Building_860363259,3145726314,node,The Post Factory,commercial,glass curtain wall
Building_860363260,3145726314,node,The Post Factory,commercial,glass curtain wall
Building_860363261,3145726314,node,The Post Factory,commercial,glass curtain wall
Building_860363262,3145726314,node,The Post Factory,commercial,glass curtain wall
Building_860363263,3145726314,node,The Post Factory,commercial,glass curtain wall
Building_860363264,3145726314,node,The Post Factory,commercial,glass curtain wall
Building_860363265,3145726314,node,The Post Factory,commercial,glass curtain wall
Building_860363266,3145726314,node,The Post Factory,commercial,glass curtain wall
Building_860363267,3145726314,node,The Post Factory,commercial,glass curtain wall
Building_860363268,3145726314,node,The Post Factory,commercial,glass curtain wall
Building_860363269,3145726314,node,The Post Factory,commercial,glass curtain wall
Building_860363270,3145726314,node,The Post Factory,commercial,glass curtain wall
Building_860363271,3145726314,node,The Post Factory,commercial,glass curtain wall
Building_860363272,3145726314,node,The Post Factory,commercial,glass curtain wall
Building_860363273,3145726314,node,The Post Factory,commercial,glass curtain wall
Building_860363274,3145726314,node,The Post Factory,commercial,glass curtain wall
Building_860363275,3145726314,node,The Post Factory,commercial,glass curtain wall
Building_860363276,3145726314,node,The Post Factory,commercial,glass curtain wall
Building_860363277,3145726314,node,The Post Factory,commercial,glass curtain wall
Building_860363278,3145726314,node,The Post Factory,commercial,glass curtain wall
Building_860363279,3145726314,node,The Post Factory,commercial,glass curtain wall
Building_860363280,3145726314,node,The Post Factory,commercial,glass curtain wall
Building_860363281,3145726314,node,The Post Factory,commercial,glass curtain wall
Building_860363282,3145726314,node,The Post Factory,commercial,glass curtain wall
Building_860363283,3145726314,node,The Post Factory,commercial,glass curtain wall
Building_860363284,3145726314,node,The Post Factory,commercial,glass curtain wall
Building_860363285,3145726314,node,The Post Factory,commercial,glass curtain wall
Building_860363286,3145726314,node,The Post Factory,commercial,glass curtain wall
Building_860363289,3145726314,node,The Post Factory,commercial,glass curtain wall
Building_860363290,368043579,node,River's Edge,yes,concrete
Building_860363291,368043579,node,River's Edge,yes,concrete
Building_860363292,368043579,node,River's Edge,yes,concrete
Building_860363293,368043579,node,River's Edge,yes,concrete
Building_860363294,368043579,node,River's Edge,yes,concrete
Building_860363295,3145726314,node,The Post Factory,commercial,glass curtain wall
Building_860363296,3145726314,node,The Post Factory,commercial,glass curtain wall
Building_860363297,3145726314,node,The Post Factory,commercial,glass curtain wall
Building_860363298,3145726314,node,The Post Factory,commercial,glass curtain wall
Building_860363299,3145726314,node,The Post Factory,commercial,glass curtain wall
Building_860363300,368043579,node,River's Edge,yes,concrete
Building_860363301,368043579,node,River's Edge,yes,concrete
Building_860363302,368043579,node,River's Edge,yes,concrete
Building_860363303,368043579,node,River's Edge,yes,concrete
Building_860363304,368043579,node,River's Edge,yes,concrete
Building_860363305,368043579,node,River's Edge,yes,concrete
Building_860363306,368043579,node,River's Edge,yes,concrete
Building_860363307,368043579,node,River's Edge,yes,concrete
Building_860363308,368043579,node,River's Edge,yes,concrete
Building_86331874,368044035,node,Liederkranz Club,yes,concrete
Building_865475140,368043579,node,River's Edge,yes,concrete
Building_865475141,368043579,node,River's Edge,yes,concrete
Building_865475142,368043579,node,River's Edge,yes,concrete
Building_865475143,368043579,node,River's Edge,yes,concrete
Building_865475144,368043579,node,River's Edge,yes,concrete
Building_865475145,368043579,node,River's Edge,yes,concrete
Building_865475146,368043579,node,River's Edge,yes,concrete
Building_865475147,368043579,node,River's Edge,yes,concrete
Building_865475148,368043579,node,River's Edge,yes,concrete
Building_865475149,368043579,node,River's Edge,yes,concrete
Building_865475150,368043579,node,River's Edge,yes,concrete
Building_865475151,368043579,node,River's Edge,yes,concrete
Building_865475152,368043579,node,River's Edge,yes,concrete
Building_865475153,368043579,node,River's Edge,yes,concrete
Building_865475154,368043579,node,River's Edge,yes,concrete
Building_865475155,368043579,node,River's Edge,yes,concrete
Building_865475156,368043579,node,River's Edge,yes,concrete
Building_865475157,368043579,node,River's Edge,yes,concrete
Building_865475158,368043579,node,River's Edge,yes,concrete
Building_87201084,8699111837,node,unnamed,yes,concrete
Building_877670321,11502442178,node,The Robert W. Wilson MCC Theater Space,yes,concrete
Building_877670322,11502442178,node,The Robert W. Wilson MCC Theater Space,yes,concrete
Building_877670323,11502442178,node,The Robert W. Wilson MCC Theater Space,yes,concrete
Building_877670324,11502442178,node,The Robert W. Wilson MCC Theater Space,yes,concrete
Building_877670325,11502442178,node,The Robert W. Wilson MCC Theater Space,yes,concrete
Building_877670338,368055653,node,Lincoln-Amsterdam House,yes,concrete
Building_882173875,368055679,node,The Red House,yes,concrete
Building_882173876,368055679,node,The Red House,yes,concrete
Building_886042274,368043238,node,Inwood Hill Park Ecology Center,yes,concrete
Building_886042275,368043238,node,Inwood Hill Park Ecology Center,yes,concrete
Building_886346786,368043670,node,Paula Cooper Gallery,yes,brick
Building_886346787,368043670,node,Paula Cooper Gallery,yes,brick
Building_886346788,368043670,node,Paula Cooper Gallery,yes,brick
Building_886346789,368043670,node,Paula Cooper Gallery,yes,brick
Building_886346790,368043670,node,Paula Cooper Gallery,yes,brick
Building_886346791,368043670,node,Paula Cooper Gallery,yes,brick
Building_886346792,368043670,node,Paula Cooper Gallery,yes,brick
Building_886346795,368043670,node,Paula Cooper Gallery,yes,brick
Building_886346796,368043670,node,Paula Cooper Gallery,yes,brick
Building_886346797,368043670,node,Paula Cooper Gallery,yes,brick
Building_886346798,368043670,node,Paula Cooper Gallery,yes,brick
Building_886346799,368043670,node,Paula Cooper Gallery,yes,brick
Building_886346800,368043670,node,Paula Cooper Gallery,yes,brick
Building_886346801,368043670,node,Paula Cooper Gallery,yes,brick
Building_886346802,368043670,node,Paula Cooper Gallery,yes,brick
Building_886346805,368043670,node,Paula Cooper Gallery,yes,brick
Building_886346806,368043670,node,Paula Cooper Gallery,yes,brick
Building_886346807,368043670,node,Paula Cooper Gallery,yes,brick
Building_886346808,368043670,node,Paula Cooper Gallery,yes,brick
Building_886346809,368043670,node,Paula Cooper Gallery,yes,brick
Building_886346810,368043670,node,Paula Cooper Gallery,yes,brick
Building_886346811,368043670,node,Paula Cooper Gallery,yes,brick
Building_886346812,368043670,node,Paula Cooper Gallery,yes,brick
Building_886346813,368043670,node,Paula Cooper Gallery,yes,brick
Building_886346814,368043670,node,Paula Cooper Gallery,yes,brick
Building_886346815,368043670,node,Paula Cooper Gallery,yes,brick
Building_886346816,368043670,node,Paula Cooper Gallery,yes,brick
Building_886346817,368043670,node,Paula Cooper Gallery,yes,brick
Building_886346827,368043670,node,Paula Cooper Gallery,yes,brick
Building_886346828,368043670,node,Paula Cooper Gallery,yes,brick
Building_886346829,368043670,node,Paula Cooper Gallery,yes,brick
Building_886346830,368043670,node,Paula Cooper Gallery,yes,brick
Building_886346831,368043670,node,Paula Cooper Gallery,yes,brick
Building_886346832,368043670,node,Paula Cooper Gallery,yes,brick
Building_886346833,368043670,node,Paula Cooper Gallery,yes,brick
Building_886346834,368043670,node,Paula Cooper Gallery,yes,brick
Building_886348849,368043670,node,Paula Cooper Gallery,yes,brick
Building_886348850,368043670,node,Paula Cooper Gallery,yes,brick
Building_890382554,13746962700,node,West Harlem Church of Christ,church,concrete
Building_890382555,13746962700,node,West Harlem Church of Christ,church,concrete
Building_890382556,13746962700,node,West Harlem Church of Christ,church,concrete
Building_890382557,13746962700,node,West Harlem Church of Christ,church,concrete
Building_890382558,13746962700,node,West Harlem Church of Christ,church,concrete
Building_898085573,3145838438,node,Corpus Christi School,school,concrete
Building_898085574,368043255,node,Deutsches Haus,yes,concrete
Building_904318729,6332361681,node,unnamed,yes,concrete
Building_904318730,6332361681,node,unnamed,yes,concrete
Building_913228193,6231307186,node,Monroe Market,commercial,glass curtain wall
Building_913228194,6231307186,node,Monroe Market,commercial,glass curtain wall
Building_920086388,3145838438,node,Corpus Christi School,school,concrete
Building_921518304,368043670,node,Paula Cooper Gallery,yes,brick
Building_921518305,368043670,node,Paula Cooper Gallery,yes,brick
Building_921518309,10732644795,node,The New York Times,yes,concrete
Building_92226210,368043179,node,Castilian Towers,yes,concrete
Building_925220873,368043238,node,Inwood Hill Park Ecology Center,yes,concrete
Building_92878394,6816303732,node,Belmont Garage,garage,concrete
Building_93136305,368055679,node,The Red House,yes,concrete
Building_93136309,368055679,node,The Red House,yes,concrete
Building_93407153,357611511,node,Mount Cella Baptist Church,yes,concrete
Building_936814442,368043320,node,Washington Court,yes,concrete
Building_93900071,368044044,node,Catholic Center for the Blind,yes,concrete
Building_93900073,3574404393,node,Alamo,yes,concrete
Building_93900079,368055713,node,Christodora House,yes,concrete
Building_93900090,368044001,node,Spanish Institute,yes,concrete
Building_93900091,368044016,node,Permanent Mission of Poland to the U.N.,yes,concrete
Building_93900094,8941772980,node,Atlas Social Club,yes,concrete
Building_93900112,368055556,node,Manhattan Plaza,yes,concrete
Building_939319357,3145726314,node,The Post Factory,commercial,glass curtain wall
Building_953822580,368043238,node,Inwood Hill Park Ecology Center,yes,concrete
Building_95406725,368052582,node,Founders Hall,yes,concrete
Building_95406730,2705817544,node,Scholar's Residence,residential,brick/concrete
Building_95408670,368055863,node,Phipps Plaza,yes,concrete
Building_95408684,368055863,node,Phipps Plaza,yes,concrete
Building_95408685,368055873,node,East Midtown Plaza,yes,concrete
Building_95412331,368062059,node,Greenpoint Home for the Aged,yes,concrete
Building_956281222,4204715198,node,unnamed,mosque,concrete
Building_963276457,3145726314,node,The Post Factory,commercial,glass curtain wall
Building_96443873,13746962700,node,West Harlem Church of Christ,church,concrete
Building_96443894,13746962700,node,West Harlem Church of Christ,church,concrete
Building_965374919,3143934834,node,The Caedmon School,school,concrete
Building_965374920,2767633758,node,Fine Fare,retail,concrete
Building_965374921,3143934834,node,The Caedmon School,school,concrete
Building_965378222,6816303732,node,Belmont Garage,garage,concrete
Building_965378223,3382957013,node,unnamed,house,brick/concrete
Building_965378224,3382957013,node,unnamed,house,brick/concrete
Building_965378225,3382957013,node,unnamed,house,brick/concrete
Building_965378226,3382957013,node,unnamed,house,brick/concrete
Building_965378227,3382957013,node,unnamed,house,brick/concrete
Building_965378228,3382957013,node,unnamed,house,brick/concrete
Building_965378229,6816303732,node,Belmont Garage,garage,concrete
Building_965378230,368052666,node,Kips Bay Building,yes,concrete
Building_965569326,6816303732,node,Belmont Garage,garage,concrete
Building_970372393,368043380,node,Hamilton Fish Park Play Center,yes,concrete
Building_970679163,10287737738,node,unnamed,yes,concrete
Building_972907160,4758938134,node,Building 9,yes,concrete
Building_972907161,4758938134,node,Building 9,yes,concrete
Building_972910235,3883504457,node,Fine and Dandy Shop,retail,concrete
Building_972910236,11502442178,node,The Robert W. Wilson MCC Theater Space,yes,concrete
Building_972910237,9446667728,node,Bloom 45,apartments,brick/concrete
Building_972910238,3883504457,node,Fine and Dandy Shop,retail,concrete
Building_972910239,11502442178,node,The Robert W. Wilson MCC Theater Space,yes,concrete
Building_972910240,11502442178,node,The Robert W. Wilson MCC Theater Space,yes,concrete
Building_972910241,8941772980,node,Atlas Social Club,yes,concrete
Building_972913151,8941772980,node,Atlas Social Club,yes,concrete
Building_972913152,368055556,node,Manhattan Plaza,yes,concrete
Building_972913153,3883504457,node,Fine and Dandy Shop,retail,concrete
Building_972913154,368055556,node,Manhattan Plaza,yes,concrete
Building_977014598,368043520,node,Bard Haven Towers,yes,concrete
Building_977365161,9446667728,node,Bloom 45,apartments,brick/concrete
Building_977365162,9446667728,node,Bloom 45,apartments,brick/concrete
Building_98523431,8699111837,node,unnamed,yes,concrete
Building_98523434,8699111837,node,unnamed,yes,concrete
Building_98523435,8699111837,node,unnamed,yes,concrete
Building_98523436,8699111837,node,unnamed,yes,concrete
Building_991571628,368044339,node,Thayer Street Telephone Exchange,yes,concrete
Building_992027356,368055767,node,Robbins and Appleton Building,yes,concrete
Building_992027357,368055767,node,Robbins and Appleton Building,yes,concrete
Building_992027358,368055740,node,Astor Place Building,yes,concrete
LampPost,368055679,node,The Red House,yes,concrete
LaneMarkWhite,368044035,node,Liederkranz Club,yes,concrete
LaneMarkYellow,6816303732,node,Belmont Garage,garage,concrete
RoadAlley,368044035,node,Liederkranz Club,yes,concrete
RoadIntersection,368044035,node,Liederkranz Club,yes,concrete
RoadPrimary,368043255,node,Deutsches Haus,yes,concrete
RoadResidential,368044035,node,Liederkranz Club,yes,concrete
Roads,368044035,node,Liederkranz Club,yes,concrete
Roofs_A,368044035,node,Liederkranz Club,yes,concrete
Roofs_B,368044035,node,Liederkranz Club,yes,concrete
Roofs_C,368043882,node,The Brockholst,yes,concrete
Roofs_D,12081819275,node,Lokal Mediterranean Kitchen,yes,concrete
Sidewalk,368044035,node,Liederkranz Club,yes,concrete
TerrainFlat,368044035,node,Liederkranz Club,yes,concrete
TerrainHill,368044035,node,Liederkranz Club,yes,concrete
